date,provider_id,provider_type,category,day_of_week,is_weekend,rain_probability,temperature_celsius,banquet_event_index,portions_prepared,portions_sold_regular,surplus_portions,clearance_rate_pct
2026-01-01,prov-4,VEG_RESTAURANT,DAIRY,Thursday,0,0.12,29.4,0.09,95,65,30,68.4
2026-01-02,prov-5,SUPERMARKET,BAKERY,Friday,0,0.13,28.7,0.44,81,59,22,72.8
2026-01-03,prov-5,SUPERMARKET,BAKERY,Saturday,1,0.15,28.6,0.26,88,75,13,85.2
2026-01-04,prov-3,BAKERY,DAIRY,Sunday,1,0.07,29.1,0.72,44,31,13,70.5
2026-01-05,prov-2,RESTAURANT,SNACKS,Monday,0,0.12,36.2,0.03,97,81,16,83.5
2026-01-06,prov-4,VEG_RESTAURANT,SNACKS,Tuesday,0,0.17,37.2,0.29,120,88,32,73.3
2026-01-07,prov-3,BAKERY,SNACKS,Wednesday,0,0.17,28.5,0.12,63,52,11,82.5
2026-01-08,prov-1,HOTEL_BANQUET,SNACKS,Thursday,0,0.07,28.5,0.18,131,108,23,82.4
2026-01-09,prov-3,BAKERY,FRESH_PRODUCE,Friday,0,0.19,35.7,0.17,47,36,11,76.6
2026-01-10,prov-5,SUPERMARKET,MEALS,Saturday,1,0.2,36.3,0.14,84,62,22,73.8
2026-01-11,prov-1,HOTEL_BANQUET,SNACKS,Sunday,1,0.16,33.3,0.57,192,153,39,79.7
2026-01-12,prov-2,RESTAURANT,SNACKS,Monday,0,0.17,35.2,0.34,64,44,20,68.8
2026-01-13,prov-1,HOTEL_BANQUET,DAIRY,Tuesday,0,0.11,32.6,0.24,191,134,57,70.2
2026-01-14,prov-4,VEG_RESTAURANT,FRESH_PRODUCE,Wednesday,0,0.1,31.6,0.23,97,82,15,84.5
2026-01-15,prov-3,BAKERY,MEALS,Thursday,0,0.08,32.9,0.28,100,85,15,85.0
2026-01-16,prov-2,RESTAURANT,DAIRY,Friday,0,0.17,34.4,0.12,77,51,26,66.2
2026-01-17,prov-1,HOTEL_BANQUET,FRESH_PRODUCE,Saturday,1,0.19,32.6,0.52,207,157,50,75.8
2026-01-18,prov-5,SUPERMARKET,MEALS,Sunday,1,0.19,37.2,0.63,124,90,34,72.6
2026-01-19,prov-1,HOTEL_BANQUET,MEALS,Monday,0,0.16,36.4,0.08,142,110,32,77.5
2026-01-20,prov-5,SUPERMARKET,DAIRY,Tuesday,0,0.09,29.0,0.22,77,65,12,84.4
2026-01-21,prov-1,HOTEL_BANQUET,MEALS,Wednesday,0,0.17,29.7,0.19,180,119,61,66.1
2026-01-22,prov-3,BAKERY,BAKERY,Thursday,0,0.13,37.8,0.31,109,86,23,78.9
2026-01-23,prov-2,RESTAURANT,DAIRY,Friday,0,0.1,29.6,0.4,56,39,17,69.6
2026-01-24,prov-4,VEG_RESTAURANT,BAKERY,Saturday,1,0.17,34.5,0.46,156,111,45,71.2
2026-01-25,prov-5,SUPERMARKET,MEALS,Sunday,1,0.13,35.2,0.45,154,122,32,79.2
2026-01-26,prov-1,HOTEL_BANQUET,MEALS,Monday,0,0.19,30.7,0.21,198,147,51,74.2
2026-01-27,prov-3,BAKERY,BAKERY,Tuesday,0,0.1,36.6,0.11,66,52,14,78.8
2026-01-28,prov-2,RESTAURANT,BAKERY,Wednesday,0,0.19,30.7,0.32,141,110,31,78.0
2026-01-29,prov-3,BAKERY,SNACKS,Thursday,0,0.05,32.1,0.07,97,70,27,72.2
2026-01-30,prov-3,BAKERY,DAIRY,Friday,0,0.14,34.7,0.42,120,100,20,83.3
2026-01-31,prov-3,BAKERY,MEALS,Saturday,1,0.06,31.7,0.78,76,56,20,73.7
2026-02-01,prov-3,BAKERY,MEALS,Sunday,1,0.16,37.9,0.94,76,61,15,80.3
2026-02-02,prov-2,RESTAURANT,MEALS,Monday,0,0.06,34.9,0.15,78,66,12,84.6
2026-02-03,prov-4,VEG_RESTAURANT,BAKERY,Tuesday,0,0.11,35.8,0.25,103,82,21,79.6
2026-02-04,prov-4,VEG_RESTAURANT,BAKERY,Wednesday,0,0.18,35.0,0.34,111,80,31,72.1
2026-02-05,prov-2,RESTAURANT,DAIRY,Thursday,0,0.1,35.8,0.39,112,74,38,66.1
2026-02-06,prov-5,SUPERMARKET,BAKERY,Friday,0,0.09,32.0,0.7,76,62,14,81.6
2026-02-07,prov-5,SUPERMARKET,BAKERY,Saturday,1,0.13,29.8,0.27,110,91,19,82.7
2026-02-08,prov-4,VEG_RESTAURANT,BAKERY,Sunday,1,0.08,30.0,0.79,125,93,32,74.4
2026-02-09,prov-3,BAKERY,DAIRY,Monday,0,0.17,34.4,0.39,75,56,19,74.7
2026-02-10,prov-3,BAKERY,SNACKS,Tuesday,0,0.13,33.6,0.04,65,51,14,78.5
2026-02-11,prov-4,VEG_RESTAURANT,SNACKS,Wednesday,0,0.14,33.5,0.14,98,71,27,72.4
2026-02-12,prov-1,HOTEL_BANQUET,DAIRY,Thursday,0,0.12,28.4,0.24,190,152,38,80.0
2026-02-13,prov-3,BAKERY,MEALS,Friday,0,0.13,35.4,0.56,81,60,21,74.1
2026-02-14,prov-3,BAKERY,DAIRY,Saturday,1,0.08,28.5,0.4,82,70,12,85.4
2026-02-15,prov-1,HOTEL_BANQUET,MEALS,Sunday,1,0.17,33.4,0.44,127,110,17,86.6
2026-02-16,prov-4,VEG_RESTAURANT,MEALS,Monday,0,0.19,35.7,0.12,122,91,31,74.6
2026-02-17,prov-3,BAKERY,FRESH_PRODUCE,Tuesday,0,0.06,36.5,0.24,102,74,28,72.5
2026-02-18,prov-3,BAKERY,BAKERY,Wednesday,0,0.18,31.1,0.26,97,75,22,77.3
2026-02-19,prov-5,SUPERMARKET,SNACKS,Thursday,0,0.18,28.3,0.21,72,52,20,72.2
2026-02-20,prov-1,HOTEL_BANQUET,FRESH_PRODUCE,Friday,0,0.06,35.9,0.89,122,85,37,69.7
2026-02-21,prov-4,VEG_RESTAURANT,MEALS,Saturday,1,0.09,31.7,0.15,120,107,13,89.2
2026-02-22,prov-3,BAKERY,BAKERY,Sunday,1,0.15,34.3,0.25,60,42,18,70.0
2026-02-23,prov-1,HOTEL_BANQUET,MEALS,Monday,0,0.14,37.8,0.15,96,75,21,78.1
2026-02-24,prov-3,BAKERY,SNACKS,Tuesday,0,0.12,36.7,0.06,96,72,24,75.0
2026-02-25,prov-1,HOTEL_BANQUET,BAKERY,Wednesday,0,0.17,34.4,0.16,134,97,37,72.4
2026-02-26,prov-4,VEG_RESTAURANT,BAKERY,Thursday,0,0.12,32.9,0.3,54,45,9,83.3
2026-02-27,prov-1,HOTEL_BANQUET,FRESH_PRODUCE,Friday,0,0.05,37.0,0.11,128,108,20,84.4
2026-02-28,prov-2,RESTAURANT,SNACKS,Saturday,1,0.14,32.4,0.33,89,77,12,86.5
2026-03-01,prov-5,SUPERMARKET,SNACKS,Sunday,1,0.09,35.9,0.65,60,47,13,78.3
2026-03-02,prov-3,BAKERY,MEALS,Monday,0,0.08,32.0,0.11,97,82,15,84.5
2026-03-03,prov-1,HOTEL_BANQUET,MEALS,Tuesday,0,0.11,36.5,0.13,223,150,73,67.3
2026-03-04,prov-2,RESTAURANT,MEALS,Wednesday,0,0.11,35.2,0.0,131,90,41,68.7
2026-03-05,prov-4,VEG_RESTAURANT,DAIRY,Thursday,0,0.16,37.5,0.17,87,61,26,70.1
2026-03-06,prov-3,BAKERY,SNACKS,Friday,0,0.16,31.8,0.74,99,81,18,81.8
2026-03-07,prov-5,SUPERMARKET,BAKERY,Saturday,1,0.11,34.7,0.19,146,128,18,87.7
2026-03-08,prov-5,SUPERMARKET,SNACKS,Sunday,1,0.18,34.5,0.75,98,71,27,72.4
2026-03-09,prov-5,SUPERMARKET,MEALS,Monday,0,0.2,35.3,0.21,72,54,18,75.0
2026-03-10,prov-1,HOTEL_BANQUET,DAIRY,Tuesday,0,0.18,34.2,0.01,218,165,53,75.7
2026-03-11,prov-3,BAKERY,DAIRY,Wednesday,0,0.05,37.0,0.04,63,51,12,81.0
2026-03-12,prov-5,SUPERMARKET,MEALS,Thursday,0,0.11,34.1,0.21,159,133,26,83.6
2026-03-13,prov-2,RESTAURANT,MEALS,Friday,0,0.08,34.9,0.37,146,117,29,80.1
2026-03-14,prov-3,BAKERY,SNACKS,Saturday,1,0.15,31.4,0.19,90,68,22,75.6
2026-03-15,prov-1,HOTEL_BANQUET,DAIRY,Sunday,1,0.1,34.7,0.67,224,176,48,78.6
2026-03-16,prov-4,VEG_RESTAURANT,SNACKS,Monday,0,0.18,34.0,0.23,149,110,39,73.8
2026-03-17,prov-4,VEG_RESTAURANT,BAKERY,Tuesday,0,0.11,34.4,0.14,93,67,26,72.0
2026-03-18,prov-4,VEG_RESTAURANT,FRESH_PRODUCE,Wednesday,0,0.09,36.6,0.08,109,82,27,75.2
2026-03-19,prov-4,VEG_RESTAURANT,FRESH_PRODUCE,Thursday,0,0.18,30.9,0.2,75,59,16,78.7
2026-03-20,prov-3,BAKERY,DAIRY,Friday,0,0.12,38.0,0.19,53,45,8,84.9
2026-03-21,prov-1,HOTEL_BANQUET,FRESH_PRODUCE,Saturday,1,0.13,32.6,0.6,182,148,34,81.3
2026-03-22,prov-1,HOTEL_BANQUET,DAIRY,Sunday,1,0.17,28.1,0.3,151,112,39,74.2
2026-03-23,prov-5,SUPERMARKET,SNACKS,Monday,0,0.19,30.8,0.31,107,73,34,68.2
2026-03-24,prov-4,VEG_RESTAURANT,BAKERY,Tuesday,0,0.17,34.4,0.29,142,102,40,71.8
2026-03-25,prov-2,RESTAURANT,DAIRY,Wednesday,0,0.09,33.2,0.24,65,55,10,84.6
2026-03-26,prov-5,SUPERMARKET,MEALS,Thursday,0,0.12,31.9,0.14,102,81,21,79.4
2026-03-27,prov-1,HOTEL_BANQUET,MEALS,Friday,0,0.06,32.0,0.3,193,146,47,75.6
2026-03-28,prov-3,BAKERY,FRESH_PRODUCE,Saturday,1,0.1,30.5,0.36,102,73,29,71.6
2026-03-29,prov-4,VEG_RESTAURANT,SNACKS,Sunday,1,0.17,32.5,0.81,76,54,22,71.1
2026-03-30,prov-3,BAKERY,BAKERY,Monday,0,0.09,28.6,0.08,67,47,20,70.1
2026-03-31,prov-1,HOTEL_BANQUET,FRESH_PRODUCE,Tuesday,0,0.08,34.8,0.34,183,138,45,75.4
2026-04-01,prov-1,HOTEL_BANQUET,MEALS,Wednesday,0,0.2,37.5,0.3,103,80,23,77.7
2026-04-02,prov-4,VEG_RESTAURANT,BAKERY,Thursday,0,0.11,28.2,0.13,91,65,26,71.4
2026-04-03,prov-1,HOTEL_BANQUET,DAIRY,Friday,0,0.13,35.1,0.8,81,60,21,74.1
2026-04-04,prov-1,HOTEL_BANQUET,DAIRY,Saturday,1,0.16,28.2,0.3,222,169,53,76.1
2026-04-05,prov-2,RESTAURANT,SNACKS,Sunday,1,0.07,31.2,0.69,60,43,17,71.7
2026-04-06,prov-4,VEG_RESTAURANT,MEALS,Monday,0,0.18,32.9,0.2,132,100,32,75.8
2026-04-07,prov-1,HOTEL_BANQUET,DAIRY,Tuesday,0,0.12,37.4,0.35,159,105,54,66.0
2026-04-08,prov-1,HOTEL_BANQUET,DAIRY,Wednesday,0,0.11,33.5,0.1,105,86,19,81.9
2026-04-09,prov-3,BAKERY,SNACKS,Thursday,0,0.1,28.3,0.27,88,71,17,80.7
2026-04-10,prov-3,BAKERY,BAKERY,Friday,0,0.18,31.3,0.75,49,40,9,81.6
2026-04-11,prov-2,RESTAURANT,MEALS,Saturday,1,0.13,35.1,0.92,160,115,45,71.9
2026-04-12,prov-2,RESTAURANT,FRESH_PRODUCE,Sunday,1,0.14,35.5,0.48,153,118,35,77.1
2026-04-13,prov-5,SUPERMARKET,MEALS,Monday,0,0.16,33.9,0.19,117,91,26,77.8
2026-04-14,prov-3,BAKERY,FRESH_PRODUCE,Tuesday,0,0.16,35.6,0.13,55,44,11,80.0
2026-04-15,prov-4,VEG_RESTAURANT,DAIRY,Wednesday,0,0.2,34.3,0.06,57,42,15,73.7
2026-04-16,prov-3,BAKERY,SNACKS,Thursday,0,0.12,28.4,0.37,103,74,29,71.8
2026-04-17,prov-5,SUPERMARKET,DAIRY,Friday,0,0.1,29.4,0.88,147,119,28,81.0
2026-04-18,prov-3,BAKERY,BAKERY,Saturday,1,0.14,34.4,0.86,86,60,26,69.8
2026-04-19,prov-4,VEG_RESTAURANT,SNACKS,Sunday,1,0.09,37.2,0.37,86,62,24,72.1
2026-04-20,prov-1,HOTEL_BANQUET,SNACKS,Monday,0,0.08,34.8,0.04,196,135,61,68.9
2026-04-21,prov-5,SUPERMARKET,SNACKS,Tuesday,0,0.07,32.3,0.09,117,81,36,69.2
2026-04-22,prov-2,RESTAURANT,BAKERY,Wednesday,0,0.16,37.4,0.38,85,71,14,83.5
2026-04-23,prov-2,RESTAURANT,SNACKS,Thursday,0,0.11,30.3,0.12,109,84,25,77.1
2026-04-24,prov-3,BAKERY,BAKERY,Friday,0,0.11,37.9,0.66,83,70,13,84.3
2026-04-25,prov-3,BAKERY,FRESH_PRODUCE,Saturday,1,0.08,33.6,0.28,117,92,25,78.6
2026-04-26,prov-5,SUPERMARKET,DAIRY,Sunday,1,0.18,35.3,0.62,63,45,18,71.4
2026-04-27,prov-4,VEG_RESTAURANT,FRESH_PRODUCE,Monday,0,0.17,28.6,0.37,99,82,17,82.8
2026-04-28,prov-4,VEG_RESTAURANT,DAIRY,Tuesday,0,0.08,28.2,0.01,89,68,21,76.4
2026-04-29,prov-5,SUPERMARKET,DAIRY,Wednesday,0,0.06,33.5,0.32,59,39,20,66.1
2026-04-30,prov-4,VEG_RESTAURANT,DAIRY,Thursday,0,0.07,31.2,0.19,131,113,18,86.3
2026-05-01,prov-1,HOTEL_BANQUET,DAIRY,Friday,0,0.15,30.5,0.34,222,178,44,80.2
2026-05-02,prov-1,HOTEL_BANQUET,SNACKS,Saturday,1,0.13,28.1,0.19,231,182,49,78.8
2026-05-03,prov-2,RESTAURANT,DAIRY,Sunday,1,0.09,36.2,0.33,50,39,11,78.0
2026-05-04,prov-5,SUPERMARKET,FRESH_PRODUCE,Monday,0,0.19,30.8,0.29,155,127,28,81.9
2026-05-05,prov-1,HOTEL_BANQUET,MEALS,Tuesday,0,0.07,32.0,0.33,113,81,32,71.7
2026-05-06,prov-1,HOTEL_BANQUET,SNACKS,Wednesday,0,0.1,36.2,0.25,121,81,40,66.9
2026-05-07,prov-5,SUPERMARKET,FRESH_PRODUCE,Thursday,0,0.19,35.9,0.28,128,98,30,76.6
2026-05-08,prov-4,VEG_RESTAURANT,FRESH_PRODUCE,Friday,0,0.19,31.6,0.12,94,74,20,78.7
2026-05-09,prov-2,RESTAURANT,FRESH_PRODUCE,Saturday,1,0.11,33.0,0.22,146,103,43,70.5
2026-05-10,prov-1,HOTEL_BANQUET,FRESH_PRODUCE,Sunday,1,0.08,29.5,0.82,138,116,22,84.1
2026-05-11,prov-4,VEG_RESTAURANT,SNACKS,Monday,0,0.07,36.1,0.22,88,69,19,78.4
2026-05-12,prov-3,BAKERY,BAKERY,Tuesday,0,0.14,36.6,0.32,120,82,38,68.3
2026-05-13,prov-2,RESTAURANT,SNACKS,Wednesday,0,0.18,30.5,0.19,68,51,17,75.0
2026-05-14,prov-3,BAKERY,FRESH_PRODUCE,Thursday,0,0.17,30.4,0.35,92,68,24,73.9
2026-05-15,prov-4,VEG_RESTAURANT,MEALS,Friday,0,0.11,37.8,0.92,101,83,18,82.2
2026-05-16,prov-4,VEG_RESTAURANT,SNACKS,Saturday,1,0.2,29.0,0.82,104,88,16,84.6
2026-05-17,prov-2,RESTAURANT,BAKERY,Sunday,1,0.06,37.1,0.57,78,64,14,82.1
2026-05-18,prov-5,SUPERMARKET,SNACKS,Monday,0,0.16,32.3,0.12,139,105,34,75.5
2026-05-19,prov-3,BAKERY,FRESH_PRODUCE,Tuesday,0,0.11,35.1,0.39,47,35,12,74.5
2026-05-20,prov-3,BAKERY,FRESH_PRODUCE,Wednesday,0,0.07,31.1,0.18,100,80,20,80.0
2026-05-21,prov-2,RESTAURANT,SNACKS,Thursday,0,0.18,34.8,0.02,71,51,20,71.8
2026-05-22,prov-2,RESTAURANT,MEALS,Friday,0,0.18,31.2,0.17,138,100,38,72.5
2026-05-23,prov-3,BAKERY,FRESH_PRODUCE,Saturday,1,0.13,36.3,0.46,75,54,21,72.0
2026-05-24,prov-2,RESTAURANT,MEALS,Sunday,1,0.17,31.4,0.17,102,74,28,72.5
2026-05-25,prov-5,SUPERMARKET,BAKERY,Monday,0,0.05,36.6,0.27,69,55,14,79.7
2026-05-26,prov-1,HOTEL_BANQUET,DAIRY,Tuesday,0,0.12,37.3,0.17,187,134,53,71.7
2026-05-27,prov-5,SUPERMARKET,BAKERY,Wednesday,0,0.13,28.8,0.11,82,62,20,75.6
2026-05-28,prov-1,HOTEL_BANQUET,BAKERY,Thursday,0,0.14,36.1,0.14,222,174,48,78.4
2026-05-29,prov-2,RESTAURANT,SNACKS,Friday,0,0.18,36.8,0.21,126,93,33,73.8
2026-05-30,prov-4,VEG_RESTAURANT,DAIRY,Saturday,1,0.09,28.9,0.27,125,101,24,80.8
2026-05-31,prov-2,RESTAURANT,DAIRY,Sunday,1,0.08,33.4,0.4,151,111,40,73.5
2026-06-01,prov-5,SUPERMARKET,MEALS,Monday,0,0.05,33.4,0.38,99,74,25,74.7
2026-06-02,prov-1,HOTEL_BANQUET,BAKERY,Tuesday,0,0.1,35.9,0.18,140,101,39,72.1
2026-06-03,prov-5,SUPERMARKET,MEALS,Wednesday,0,0.12,29.0,0.29,59,42,17,71.2
2026-06-04,prov-5,SUPERMARKET,FRESH_PRODUCE,Thursday,0,0.19,30.6,0.07,112,81,31,72.3
2026-06-05,prov-1,HOTEL_BANQUET,BAKERY,Friday,0,0.14,31.2,0.89,195,137,58,70.3
2026-06-06,prov-2,RESTAURANT,DAIRY,Saturday,1,0.18,35.1,0.48,93,71,22,76.3
2026-06-07,prov-1,HOTEL_BANQUET,DAIRY,Sunday,1,0.09,32.6,0.34,105,88,17,83.8
2026-06-08,prov-4,VEG_RESTAURANT,FRESH_PRODUCE,Monday,0,0.17,29.3,0.13,134,109,25,81.3
2026-06-09,prov-5,SUPERMARKET,DAIRY,Tuesday,0,0.15,31.7,0.1,64,42,22,65.6
2026-06-10,prov-3,BAKERY,MEALS,Wednesday,0,0.09,32.1,0.38,120,99,21,82.5
2026-06-11,prov-4,VEG_RESTAURANT,FRESH_PRODUCE,Thursday,0,0.14,33.9,0.2,53,40,13,75.5
2026-06-12,prov-5,SUPERMARKET,BAKERY,Friday,0,0.1,30.7,0.2,160,122,38,76.2
2026-06-13,prov-2,RESTAURANT,SNACKS,Saturday,1,0.16,30.5,0.84,136,118,18,86.8
2026-06-14,prov-5,SUPERMARKET,DAIRY,Sunday,1,0.16,33.7,0.45,99,72,27,72.7
2026-06-15,prov-1,HOTEL_BANQUET,DAIRY,Monday,0,0.12,33.6,0.36,167,121,46,72.5
2026-06-16,prov-3,BAKERY,FRESH_PRODUCE,Tuesday,0,0.07,36.2,0.0,96,70,26,72.9
2026-06-17,prov-1,HOTEL_BANQUET,FRESH_PRODUCE,Wednesday,0,0.08,31.2,0.11,167,143,24,85.6
2026-06-18,prov-2,RESTAURANT,MEALS,Thursday,0,0.07,34.0,0.08,85,70,15,82.4
2026-06-19,prov-5,SUPERMARKET,MEALS,Friday,0,0.16,32.1,0.37,135,98,37,72.6
2026-06-20,prov-2,RESTAURANT,MEALS,Saturday,1,0.13,32.7,0.77,103,72,31,69.9
2026-06-21,prov-1,HOTEL_BANQUET,BAKERY,Sunday,1,0.08,35.7,0.89,158,129,29,81.6
2026-06-22,prov-2,RESTAURANT,FRESH_PRODUCE,Monday,0,0.09,30.6,0.05,103,79,24,76.7
2026-06-23,prov-4,VEG_RESTAURANT,BAKERY,Tuesday,0,0.09,32.3,0.37,142,103,39,72.5
2026-06-24,prov-1,HOTEL_BANQUET,DAIRY,Wednesday,0,0.16,32.1,0.16,203,157,46,77.3
2026-06-25,prov-2,RESTAURANT,FRESH_PRODUCE,Thursday,0,0.14,31.9,0.13,78,64,14,82.1
2026-06-26,prov-1,HOTEL_BANQUET,FRESH_PRODUCE,Friday,0,0.08,28.3,0.45,118,95,23,80.5
2026-06-27,prov-1,HOTEL_BANQUET,MEALS,Saturday,1,0.17,36.5,0.14,175,136,39,77.7
2026-06-28,prov-1,HOTEL_BANQUET,FRESH_PRODUCE,Sunday,1,0.11,37.5,0.76,96,78,18,81.2
2026-06-29,prov-3,BAKERY,MEALS,Monday,0,0.15,30.6,0.33,101,67,34,66.3
2026-01-01,prov-3,BAKERY,DAIRY,Thursday,0,0.19,32.1,0.39,64,42,22,65.6
2026-01-02,prov-2,RESTAURANT,MEALS,Friday,0,0.12,31.7,0.81,134,108,26,80.6
2026-01-03,prov-1,HOTEL_BANQUET,SNACKS,Saturday,1,0.19,29.4,0.23,173,130,43,75.1
2026-01-04,prov-4,VEG_RESTAURANT,MEALS,Sunday,1,0.13,36.0,0.9,72,58,14,80.6
2026-01-05,prov-2,RESTAURANT,BAKERY,Monday,0,0.1,33.6,0.05,59,41,18,69.5
2026-01-06,prov-2,RESTAURANT,MEALS,Tuesday,0,0.18,37.4,0.2,109,73,36,67.0
2026-01-07,prov-2,RESTAURANT,MEALS,Wednesday,0,0.18,34.7,0.03,56,36,20,64.3
2026-01-08,prov-2,RESTAURANT,SNACKS,Thursday,0,0.18,34.9,0.3,126,84,42,66.7
2026-01-09,prov-2,RESTAURANT,MEALS,Friday,0,0.11,32.2,0.2,104,83,21,79.8
2026-01-10,prov-2,RESTAURANT,SNACKS,Saturday,1,0.19,30.1,0.65,75,64,11,85.3
2026-01-11,prov-3,BAKERY,BAKERY,Sunday,1,0.09,32.7,0.15,62,55,7,88.7
2026-01-12,prov-2,RESTAURANT,FRESH_PRODUCE,Monday,0,0.05,33.1,0.2,50,38,12,76.0
2026-01-13,prov-4,VEG_RESTAURANT,DAIRY,Tuesday,0,0.16,37.0,0.08,53,41,12,77.4
2026-01-14,prov-2,RESTAURANT,BAKERY,Wednesday,0,0.07,29.5,0.04,65,53,12,81.5
2026-01-15,prov-1,HOTEL_BANQUET,BAKERY,Thursday,0,0.13,30.7,0.02,87,63,24,72.4
2026-01-16,prov-3,BAKERY,DAIRY,Friday,0,0.08,29.7,0.26,44,31,13,70.5
2026-01-17,prov-3,BAKERY,SNACKS,Saturday,1,0.05,29.9,0.81,41,34,7,82.9
2026-01-18,prov-4,VEG_RESTAURANT,DAIRY,Sunday,1,0.1,30.7,0.43,119,96,23,80.7
2026-01-19,prov-1,HOTEL_BANQUET,BAKERY,Monday,0,0.12,31.2,0.02,213,179,34,84.0
2026-01-20,prov-3,BAKERY,MEALS,Tuesday,0,0.07,38.0,0.29,49,38,11,77.6
2026-01-21,prov-3,BAKERY,BAKERY,Wednesday,0,0.07,34.1,0.25,112,77,35,68.8
2026-01-22,prov-1,HOTEL_BANQUET,FRESH_PRODUCE,Thursday,0,0.09,33.7,0.08,156,133,23,85.3
2026-01-23,prov-3,BAKERY,MEALS,Friday,0,0.17,32.2,0.48,76,49,27,64.5
2026-01-24,prov-5,SUPERMARKET,DAIRY,Saturday,1,0.06,30.6,0.32,151,133,18,88.1
2026-01-25,prov-1,HOTEL_BANQUET,MEALS,Sunday,1,0.19,33.1,0.29,87,62,25,71.3
2026-01-26,prov-4,VEG_RESTAURANT,BAKERY,Monday,0,0.09,34.2,0.05,154,111,43,72.1
2026-01-27,prov-3,BAKERY,BAKERY,Tuesday,0,0.14,29.3,0.16,52,42,10,80.8
2026-01-28,prov-2,RESTAURANT,MEALS,Wednesday,0,0.07,32.3,0.17,124,105,19,84.7
2026-01-29,prov-1,HOTEL_BANQUET,FRESH_PRODUCE,Thursday,0,0.18,36.2,0.07,155,104,51,67.1
2026-01-30,prov-5,SUPERMARKET,FRESH_PRODUCE,Friday,0,0.05,38.0,0.83,118,94,24,79.7
2026-01-31,prov-2,RESTAURANT,MEALS,Saturday,1,0.2,33.3,0.85,133,91,42,68.4
2026-02-01,prov-4,VEG_RESTAURANT,MEALS,Sunday,1,0.2,35.1,0.75,94,73,21,77.7
2026-02-02,prov-2,RESTAURANT,DAIRY,Monday,0,0.06,32.2,0.35,71,52,19,73.2
2026-02-03,prov-5,SUPERMARKET,FRESH_PRODUCE,Tuesday,0,0.15,33.6,0.16,112,79,33,70.5
2026-02-04,prov-5,SUPERMARKET,BAKERY,Wednesday,0,0.06,37.3,0.39,66,44,22,66.7
2026-02-05,prov-1,HOTEL_BANQUET,SNACKS,Thursday,0,0.15,33.7,0.25,186,126,60,67.7
2026-02-06,prov-3,BAKERY,FRESH_PRODUCE,Friday,0,0.06,36.1,0.61,70,59,11,84.3
2026-02-07,prov-1,HOTEL_BANQUET,MEALS,Saturday,1,0.13,29.7,0.28,193,134,59,69.4
2026-02-08,prov-2,RESTAURANT,DAIRY,Sunday,1,0.17,31.9,0.28,120,93,27,77.5
2026-02-09,prov-5,SUPERMARKET,DAIRY,Monday,0,0.08,32.4,0.09,63,45,18,71.4
2026-02-10,prov-1,HOTEL_BANQUET,SNACKS,Tuesday,0,0.06,34.1,0.35,176,141,35,80.1
2026-02-11,prov-4,VEG_RESTAURANT,FRESH_PRODUCE,Wednesday,0,0.13,31.6,0.29,58,38,20,65.5
2026-02-12,prov-1,HOTEL_BANQUET,FRESH_PRODUCE,Thursday,0,0.2,37.5,0.14,128,100,28,78.1
2026-02-13,prov-1,HOTEL_BANQUET,MEALS,Friday,0,0.16,28.8,0.46,213,144,69,67.6
2026-02-14,prov-4,VEG_RESTAURANT,SNACKS,Saturday,1,0.09,33.9,0.94,77,59,18,76.6
2026-02-15,prov-4,VEG_RESTAURANT,SNACKS,Sunday,1,0.12,33.6,0.47,140,117,23,83.6
2026-02-16,prov-4,VEG_RESTAURANT,MEALS,Monday,0,0.11,37.7,0.31,84,56,28,66.7
2026-02-17,prov-5,SUPERMARKET,MEALS,Tuesday,0,0.16,37.7,0.17,71,53,18,74.6
2026-02-18,prov-5,SUPERMARKET,FRESH_PRODUCE,Wednesday,0,0.11,35.4,0.09,133,102,31,76.7
2026-02-19,prov-4,VEG_RESTAURANT,SNACKS,Thursday,0,0.14,29.5,0.35,78,55,23,70.5
2026-02-20,prov-3,BAKERY,BAKERY,Friday,0,0.11,31.0,0.39,107,91,16,85.0
2026-02-21,prov-5,SUPERMARKET,DAIRY,Saturday,1,0.19,32.2,0.68,123,101,22,82.1
2026-02-22,prov-5,SUPERMARKET,MEALS,Sunday,1,0.14,32.2,0.68,95,77,18,81.1
2026-02-23,prov-3,BAKERY,SNACKS,Monday,0,0.12,35.9,0.2,56,37,19,66.1
2026-02-24,prov-2,RESTAURANT,MEALS,Tuesday,0,0.06,30.1,0.33,58,47,11,81.0
2026-02-25,prov-5,SUPERMARKET,SNACKS,Wednesday,0,0.13,35.9,0.3,103,77,26,74.8
2026-02-26,prov-2,RESTAURANT,SNACKS,Thursday,0,0.08,32.8,0.26,59,47,12,79.7
2026-02-27,prov-2,RESTAURANT,MEALS,Friday,0,0.08,35.7,0.86,113,83,30,73.5
2026-02-28,prov-3,BAKERY,BAKERY,Saturday,1,0.1,34.8,0.84,96,75,21,78.1
2026-03-01,prov-1,HOTEL_BANQUET,MEALS,Sunday,1,0.18,33.8,0.58,124,92,32,74.2
2026-03-02,prov-3,BAKERY,MEALS,Monday,0,0.05,34.4,0.1,74,63,11,85.1
2026-03-03,prov-4,VEG_RESTAURANT,MEALS,Tuesday,0,0.11,36.5,0.06,112,82,30,73.2
2026-03-04,prov-1,HOTEL_BANQUET,DAIRY,Wednesday,0,0.13,32.9,0.04,132,95,37,72.0
2026-03-05,prov-3,BAKERY,FRESH_PRODUCE,Thursday,0,0.11,36.5,0.36,71,56,15,78.9
2026-03-06,prov-3,BAKERY,FRESH_PRODUCE,Friday,0,0.16,34.7,0.27,88,66,22,75.0
2026-03-07,prov-1,HOTEL_BANQUET,MEALS,Saturday,1,0.11,30.3,0.55,224,198,26,88.4
2026-03-08,prov-1,HOTEL_BANQUET,DAIRY,Sunday,1,0.1,34.2,0.9,191,154,37,80.6
2026-03-09,prov-2,RESTAURANT,FRESH_PRODUCE,Monday,0,0.2,30.3,0.26,120,97,23,80.8
2026-03-10,prov-4,VEG_RESTAURANT,DAIRY,Tuesday,0,0.11,29.8,0.22,100,80,20,80.0
2026-03-11,prov-3,BAKERY,BAKERY,Wednesday,0,0.08,30.1,0.15,85,63,22,74.1
2026-03-12,prov-2,RESTAURANT,SNACKS,Thursday,0,0.09,30.8,0.36,139,101,38,72.7
2026-03-13,prov-3,BAKERY,DAIRY,Friday,0,0.07,35.9,0.2,49,40,9,81.6
2026-03-14,prov-5,SUPERMARKET,BAKERY,Saturday,1,0.18,34.6,0.91,131,92,39,70.2
2026-03-15,prov-3,BAKERY,BAKERY,Sunday,1,0.08,32.0,0.27,87,63,24,72.4
2026-03-16,prov-2,RESTAURANT,BAKERY,Monday,0,0.09,31.3,0.05,77,60,17,77.9
2026-03-17,prov-1,HOTEL_BANQUET,SNACKS,Tuesday,0,0.06,29.0,0.21,105,71,34,67.6
2026-03-18,prov-1,HOTEL_BANQUET,SNACKS,Wednesday,0,0.19,34.5,0.02,160,119,41,74.4
2026-03-19,prov-4,VEG_RESTAURANT,SNACKS,Thursday,0,0.09,36.6,0.24,152,108,44,71.1
2026-03-20,prov-3,BAKERY,SNACKS,Friday,0,0.07,33.5,0.89,116,79,37,68.1
2026-03-21,prov-2,RESTAURANT,FRESH_PRODUCE,Saturday,1,0.11,33.3,0.85,89,67,22,75.3
2026-03-22,prov-2,RESTAURANT,SNACKS,Sunday,1,0.17,35.7,0.82,107,81,26,75.7
2026-03-23,prov-1,HOTEL_BANQUET,BAKERY,Monday,0,0.12,28.2,0.02,167,133,34,79.6
2026-03-24,prov-2,RESTAURANT,MEALS,Tuesday,0,0.19,34.6,0.04,145,117,28,80.7
2026-03-25,prov-5,SUPERMARKET,SNACKS,Wednesday,0,0.15,36.3,0.36,110,76,34,69.1
2026-03-26,prov-1,HOTEL_BANQUET,MEALS,Thursday,0,0.08,34.8,0.25,249,180,69,72.3
2026-03-27,prov-5,SUPERMARKET,DAIRY,Friday,0,0.08,35.9,0.75,156,122,34,78.2
2026-03-28,prov-4,VEG_RESTAURANT,SNACKS,Saturday,1,0.14,33.8,0.23,152,132,20,86.8
2026-03-29,prov-2,RESTAURANT,FRESH_PRODUCE,Sunday,1,0.2,36.0,0.3,107,84,23,78.5
2026-03-30,prov-2,RESTAURANT,MEALS,Monday,0,0.14,31.4,0.13,93,63,30,67.7
2026-03-31,prov-3,BAKERY,BAKERY,Tuesday,0,0.18,35.1,0.07,70,58,12,82.9
2026-04-01,prov-5,SUPERMARKET,MEALS,Wednesday,0,0.14,32.7,0.4,106,71,35,67.0
2026-04-02,prov-3,BAKERY,BAKERY,Thursday,0,0.09,36.8,0.28,113,79,34,69.9
2026-04-03,prov-4,VEG_RESTAURANT,BAKERY,Friday,0,0.15,37.6,0.3,117,83,34,70.9
2026-04-04,prov-3,BAKERY,MEALS,Saturday,1,0.11,33.3,0.66,51,41,10,80.4
2026-04-05,prov-1,HOTEL_BANQUET,MEALS,Sunday,1,0.15,28.5,0.93,110,93,17,84.5
2026-04-06,prov-3,BAKERY,MEALS,Monday,0,0.15,37.5,0.37,115,82,33,71.3
2026-04-07,prov-2,RESTAURANT,FRESH_PRODUCE,Tuesday,0,0.17,37.9,0.13,159,111,48,69.8
2026-04-08,prov-1,HOTEL_BANQUET,MEALS,Wednesday,0,0.11,28.8,0.31,174,118,56,67.8
2026-04-09,prov-4,VEG_RESTAURANT,SNACKS,Thursday,0,0.09,29.8,0.02,98,80,18,81.6
2026-04-10,prov-3,BAKERY,MEALS,Friday,0,0.15,32.2,0.67,96,80,16,83.3
2026-04-11,prov-5,SUPERMARKET,FRESH_PRODUCE,Saturday,1,0.13,28.5,0.53,85,60,25,70.6
2026-04-12,prov-3,BAKERY,FRESH_PRODUCE,Sunday,1,0.08,30.1,0.48,73,62,11,84.9
2026-04-13,prov-3,BAKERY,MEALS,Monday,0,0.1,30.5,0.26,80,58,22,72.5
2026-04-14,prov-3,BAKERY,SNACKS,Tuesday,0,0.12,33.5,0.1,90,62,28,68.9
2026-04-15,prov-4,VEG_RESTAURANT,BAKERY,Wednesday,0,0.18,34.6,0.08,70,50,20,71.4
2026-04-16,prov-5,SUPERMARKET,BAKERY,Thursday,0,0.05,30.2,0.02,100,81,19,81.0
2026-04-17,prov-4,VEG_RESTAURANT,DAIRY,Friday,0,0.05,31.9,0.39,70,51,19,72.9
2026-04-18,prov-3,BAKERY,DAIRY,Saturday,1,0.11,36.4,0.39,110,85,25,77.3
2026-04-19,prov-5,SUPERMARKET,MEALS,Sunday,1,0.19,35.9,0.11,143,110,33,76.9
2026-04-20,prov-4,VEG_RESTAURANT,SNACKS,Monday,0,0.14,34.6,0.24,60,43,17,71.7
2026-04-21,prov-3,BAKERY,DAIRY,Tuesday,0,0.08,29.5,0.33,79,55,24,69.6
2026-04-22,prov-3,BAKERY,DAIRY,Wednesday,0,0.16,34.1,0.31,110,74,36,67.3
2026-04-23,prov-5,SUPERMARKET,BAKERY,Thursday,0,0.11,31.3,0.34,93,76,17,81.7
2026-04-24,prov-3,BAKERY,DAIRY,Friday,0,0.07,31.1,0.65,40,28,12,70.0
2026-04-25,prov-3,BAKERY,SNACKS,Saturday,1,0.17,30.5,0.66,102,77,25,75.5
2026-04-26,prov-4,VEG_RESTAURANT,SNACKS,Sunday,1,0.17,31.9,0.8,140,107,33,76.4
2026-04-27,prov-2,RESTAURANT,FRESH_PRODUCE,Monday,0,0.08,36.0,0.09,59,46,13,78.0
2026-04-28,prov-2,RESTAURANT,FRESH_PRODUCE,Tuesday,0,0.1,37.2,0.32,102,84,18,82.4
2026-04-29,prov-4,VEG_RESTAURANT,BAKERY,Wednesday,0,0.17,37.4,0.23,108,89,19,82.4
2026-04-30,prov-2,RESTAURANT,FRESH_PRODUCE,Thursday,0,0.13,29.3,0.09,119,78,41,65.5
2026-05-01,prov-2,RESTAURANT,DAIRY,Friday,0,0.11,29.4,0.58,150,128,22,85.3
2026-05-02,prov-5,SUPERMARKET,FRESH_PRODUCE,Saturday,1,0.13,33.2,0.69,95,72,23,75.8
2026-05-03,prov-3,BAKERY,BAKERY,Sunday,1,0.07,30.9,0.59,109,87,22,79.8
2026-05-04,prov-4,VEG_RESTAURANT,FRESH_PRODUCE,Monday,0,0.12,35.5,0.09,75,58,17,77.3
2026-05-05,prov-5,SUPERMARKET,MEALS,Tuesday,0,0.15,33.6,0.23,93,62,31,66.7
2026-05-06,prov-1,HOTEL_BANQUET,SNACKS,Wednesday,0,0.16,35.3,0.27,243,179,64,73.7
2026-05-07,prov-3,BAKERY,MEALS,Thursday,0,0.08,34.2,0.36,79,64,15,81.0
2026-05-08,prov-4,VEG_RESTAURANT,BAKERY,Friday,0,0.11,34.0,0.24,62,50,12,80.6
2026-05-09,prov-5,SUPERMARKET,FRESH_PRODUCE,Saturday,1,0.18,29.4,0.7,72,52,20,72.2
2026-05-10,prov-3,BAKERY,FRESH_PRODUCE,Sunday,1,0.09,32.0,0.91,117,102,15,87.2
2026-05-11,prov-5,SUPERMARKET,SNACKS,Monday,0,0.15,31.1,0.32,85,64,21,75.3
2026-05-12,prov-3,BAKERY,MEALS,Tuesday,0,0.2,36.4,0.31,89,59,30,66.3
2026-05-13,prov-1,HOTEL_BANQUET,SNACKS,Wednesday,0,0.05,29.5,0.01,154,129,25,83.8
2026-05-14,prov-1,HOTEL_BANQUET,MEALS,Thursday,0,0.19,34.9,0.3,152,103,49,67.8
2026-05-15,prov-3,BAKERY,SNACKS,Friday,0,0.13,29.8,0.82,56,40,16,71.4
2026-05-16,prov-3,BAKERY,SNACKS,Saturday,1,0.07,32.8,0.7,44,32,12,72.7
2026-05-17,prov-2,RESTAURANT,SNACKS,Sunday,1,0.16,29.0,0.39,146,101,45,69.2
2026-05-18,prov-3,BAKERY,FRESH_PRODUCE,Monday,0,0.1,31.6,0.03,81,59,22,72.8
2026-05-19,prov-1,HOTEL_BANQUET,FRESH_PRODUCE,Tuesday,0,0.1,29.0,0.01,153,122,31,79.7
2026-05-20,prov-1,HOTEL_BANQUET,BAKERY,Wednesday,0,0.14,33.4,0.12,194,144,50,74.2
2026-05-21,prov-4,VEG_RESTAURANT,MEALS,Thursday,0,0.14,37.8,0.06,142,94,48,66.2
2026-05-22,prov-4,VEG_RESTAURANT,SNACKS,Friday,0,0.1,36.5,0.79,137,107,30,78.1
2026-05-23,prov-4,VEG_RESTAURANT,DAIRY,Saturday,1,0.11,31.0,0.2,139,111,28,79.9
2026-05-24,prov-4,VEG_RESTAURANT,BAKERY,Sunday,1,0.14,28.4,0.12,109,94,15,86.2
2026-05-25,prov-1,HOTEL_BANQUET,BAKERY,Monday,0,0.05,35.8,0.17,205,148,57,72.2
2026-05-26,prov-5,SUPERMARKET,MEALS,Tuesday,0,0.06,28.3,0.25,116,91,25,78.4
2026-05-27,prov-4,VEG_RESTAURANT,DAIRY,Wednesday,0,0.05,35.0,0.01,141,117,24,83.0
2026-05-28,prov-2,RESTAURANT,BAKERY,Thursday,0,0.06,33.5,0.03,118,86,32,72.9
2026-05-29,prov-2,RESTAURANT,FRESH_PRODUCE,Friday,0,0.09,30.6,0.16,76,56,20,73.7
2026-05-30,prov-2,RESTAURANT,BAKERY,Saturday,1,0.09,34.9,0.19,101,84,17,83.2
2026-05-31,prov-1,HOTEL_BANQUET,BAKERY,Sunday,1,0.17,31.1,0.76,237,183,54,77.2
2026-06-01,prov-3,BAKERY,MEALS,Monday,0,0.12,34.4,0.36,69,49,20,71.0
2026-06-02,prov-2,RESTAURANT,SNACKS,Tuesday,0,0.19,29.5,0.32,130,87,43,66.9
2026-06-03,prov-5,SUPERMARKET,FRESH_PRODUCE,Wednesday,0,0.09,32.2,0.29,111,86,25,77.5
2026-06-04,prov-4,VEG_RESTAURANT,SNACKS,Thursday,0,0.12,32.7,0.09,124,104,20,83.9
2026-06-05,prov-4,VEG_RESTAURANT,BAKERY,Friday,0,0.18,28.4,0.88,103,85,18,82.5
2026-06-06,prov-4,VEG_RESTAURANT,MEALS,Saturday,1,0.18,30.8,0.73,110,78,32,70.9
2026-06-07,prov-5,SUPERMARKET,FRESH_PRODUCE,Sunday,1,0.11,30.9,0.43,121,101,20,83.5
2026-06-08,prov-4,VEG_RESTAURANT,SNACKS,Monday,0,0.15,33.9,0.38,119,97,22,81.5
2026-06-09,prov-1,HOTEL_BANQUET,DAIRY,Tuesday,0,0.15,32.8,0.32,106,69,37,65.1
2026-06-10,prov-1,HOTEL_BANQUET,FRESH_PRODUCE,Wednesday,0,0.12,33.6,0.01,180,134,46,74.4
2026-06-11,prov-4,VEG_RESTAURANT,FRESH_PRODUCE,Thursday,0,0.12,32.6,0.03,86,59,27,68.6
2026-06-12,prov-2,RESTAURANT,FRESH_PRODUCE,Friday,0,0.09,37.2,0.31,57,47,10,82.5
2026-06-13,prov-5,SUPERMARKET,DAIRY,Saturday,1,0.11,35.2,0.12,92,76,16,82.6
2026-06-14,prov-5,SUPERMARKET,BAKERY,Sunday,1,0.19,37.1,0.81,62,43,19,69.4
2026-06-15,prov-3,BAKERY,SNACKS,Monday,0,0.16,28.1,0.27,93,69,24,74.2
2026-06-16,prov-2,RESTAURANT,DAIRY,Tuesday,0,0.09,35.3,0.21,60,46,14,76.7
2026-06-17,prov-2,RESTAURANT,BAKERY,Wednesday,0,0.11,31.5,0.29,89,70,19,78.7
2026-06-18,prov-1,HOTEL_BANQUET,BAKERY,Thursday,0,0.07,35.7,0.2,112,77,35,68.8
2026-06-19,prov-3,BAKERY,MEALS,Friday,0,0.11,34.7,0.92,94,62,32,66.0
2026-06-20,prov-3,BAKERY,MEALS,Saturday,1,0.08,35.1,0.39,70,62,8,88.6
2026-06-21,prov-4,VEG_RESTAURANT,BAKERY,Sunday,1,0.09,33.2,0.54,88,69,19,78.4
2026-06-22,prov-4,VEG_RESTAURANT,BAKERY,Monday,0,0.11,31.7,0.05,156,129,27,82.7
2026-06-23,prov-3,BAKERY,BAKERY,Tuesday,0,0.19,34.6,0.2,109,86,23,78.9
2026-06-24,prov-2,RESTAURANT,DAIRY,Wednesday,0,0.07,32.2,0.29,58,40,18,69.0
2026-06-25,prov-4,VEG_RESTAURANT,SNACKS,Thursday,0,0.09,34.3,0.1,53,36,17,67.9
2026-06-26,prov-1,HOTEL_BANQUET,MEALS,Friday,0,0.09,37.2,0.57,116,93,23,80.2
2026-06-27,prov-4,VEG_RESTAURANT,MEALS,Saturday,1,0.08,36.2,0.47,69,53,16,76.8
2026-06-28,prov-1,HOTEL_BANQUET,DAIRY,Sunday,1,0.11,31.9,0.16,138,105,33,76.1
2026-06-29,prov-1,HOTEL_BANQUET,MEALS,Monday,0,0.07,37.0,0.38,128,108,20,84.4
2026-01-01,prov-1,HOTEL_BANQUET,SNACKS,Thursday,0,0.07,29.3,0.11,240,161,79,67.1
2026-01-02,prov-2,RESTAURANT,MEALS,Friday,0,0.12,37.5,0.85,94,63,31,67.0
2026-01-03,prov-3,BAKERY,DAIRY,Saturday,1,0.06,33.8,0.15,49,41,8,83.7
2026-01-04,prov-1,HOTEL_BANQUET,SNACKS,Sunday,1,0.15,34.6,0.7,221,176,45,79.6
2026-01-05,prov-5,SUPERMARKET,BAKERY,Monday,0,0.11,36.8,0.28,132,96,36,72.7
2026-01-06,prov-1,HOTEL_BANQUET,MEALS,Tuesday,0,0.2,35.4,0.25,241,195,46,80.9
2026-01-07,prov-2,RESTAURANT,SNACKS,Wednesday,0,0.19,29.0,0.04,61,47,14,77.0
2026-01-08,prov-1,HOTEL_BANQUET,MEALS,Thursday,0,0.07,29.9,0.28,238,185,53,77.7
2026-01-09,prov-4,VEG_RESTAURANT,BAKERY,Friday,0,0.13,30.2,0.65,137,115,22,83.9
2026-01-10,prov-1,HOTEL_BANQUET,DAIRY,Saturday,1,0.1,30.6,0.63,173,147,26,85.0
2026-01-11,prov-3,BAKERY,BAKERY,Sunday,1,0.05,35.0,0.13,101,79,22,78.2
2026-01-12,prov-4,VEG_RESTAURANT,DAIRY,Monday,0,0.06,36.1,0.15,119,98,21,82.4
2026-01-13,prov-1,HOTEL_BANQUET,SNACKS,Tuesday,0,0.1,32.8,0.14,85,65,20,76.5
2026-01-14,prov-1,HOTEL_BANQUET,SNACKS,Wednesday,0,0.2,28.4,0.11,102,81,21,79.4
2026-01-15,prov-1,HOTEL_BANQUET,DAIRY,Thursday,0,0.09,29.9,0.09,250,204,46,81.6
2026-01-16,prov-5,SUPERMARKET,FRESH_PRODUCE,Friday,0,0.09,34.7,0.16,65,48,17,73.8
2026-01-17,prov-4,VEG_RESTAURANT,FRESH_PRODUCE,Saturday,1,0.11,29.8,0.3,141,108,33,76.6
2026-01-18,prov-1,HOTEL_BANQUET,MEALS,Sunday,1,0.14,35.7,0.87,132,117,15,88.6
2026-01-19,prov-5,SUPERMARKET,SNACKS,Monday,0,0.16,32.5,0.38,69,52,17,75.4
2026-01-20,prov-2,RESTAURANT,FRESH_PRODUCE,Tuesday,0,0.14,32.7,0.08,147,109,38,74.1
2026-01-21,prov-1,HOTEL_BANQUET,FRESH_PRODUCE,Wednesday,0,0.18,34.6,0.35,198,134,64,67.7
2026-01-22,prov-2,RESTAURANT,BAKERY,Thursday,0,0.16,33.2,0.01,159,109,50,68.6
2026-01-23,prov-1,HOTEL_BANQUET,BAKERY,Friday,0,0.12,34.5,0.7,176,149,27,84.7
2026-01-24,prov-1,HOTEL_BANQUET,SNACKS,Saturday,1,0.05,33.2,0.22,121,88,33,72.7
2026-01-25,prov-1,HOTEL_BANQUET,FRESH_PRODUCE,Sunday,1,0.16,28.6,0.56,100,76,24,76.0
2026-01-26,prov-2,RESTAURANT,BAKERY,Monday,0,0.13,28.3,0.35,111,88,23,79.3
2026-01-27,prov-3,BAKERY,BAKERY,Tuesday,0,0.06,28.1,0.04,71,59,12,83.1
2026-01-28,prov-2,RESTAURANT,DAIRY,Wednesday,0,0.12,35.8,0.34,156,103,53,66.0
2026-01-29,prov-1,HOTEL_BANQUET,FRESH_PRODUCE,Thursday,0,0.08,30.4,0.39,148,114,34,77.0
2026-01-30,prov-3,BAKERY,FRESH_PRODUCE,Friday,0,0.15,29.2,0.93,113,86,27,76.1
2026-01-31,prov-5,SUPERMARKET,DAIRY,Saturday,1,0.18,34.3,0.61,67,46,21,68.7
2026-02-01,prov-5,SUPERMARKET,DAIRY,Sunday,1,0.06,33.0,0.45,59,48,11,81.4
2026-02-02,prov-2,RESTAURANT,DAIRY,Monday,0,0.17,34.1,0.13,62,40,22,64.5
2026-02-03,prov-1,HOTEL_BANQUET,FRESH_PRODUCE,Tuesday,0,0.1,31.3,0.17,145,111,34,76.6
2026-02-04,prov-1,HOTEL_BANQUET,DAIRY,Wednesday,0,0.13,32.6,0.31,239,165,74,69.0
2026-02-05,prov-5,SUPERMARKET,MEALS,Thursday,0,0.07,28.4,0.19,52,44,8,84.6
2026-02-06,prov-2,RESTAURANT,BAKERY,Friday,0,0.11,36.8,0.81,62,46,16,74.2
2026-02-07,prov-2,RESTAURANT,MEALS,Saturday,1,0.18,35.3,0.42,157,108,49,68.8
2026-02-08,prov-5,SUPERMARKET,DAIRY,Sunday,1,0.19,30.7,0.74,73,50,23,68.5
2026-02-09,prov-4,VEG_RESTAURANT,MEALS,Monday,0,0.2,29.1,0.14,160,133,27,83.1
2026-02-10,prov-1,HOTEL_BANQUET,DAIRY,Tuesday,0,0.14,35.1,0.06,211,170,41,80.6
2026-02-11,prov-3,BAKERY,FRESH_PRODUCE,Wednesday,0,0.13,34.8,0.15,70,55,15,78.6
2026-02-12,prov-3,BAKERY,SNACKS,Thursday,0,0.2,32.7,0.26,120,86,34,71.7
2026-02-13,prov-3,BAKERY,DAIRY,Friday,0,0.12,29.0,0.55,62,46,16,74.2
2026-02-14,prov-4,VEG_RESTAURANT,FRESH_PRODUCE,Saturday,1,0.07,28.1,0.87,131,113,18,86.3
2026-02-15,prov-2,RESTAURANT,MEALS,Sunday,1,0.11,36.9,0.76,154,122,32,79.2
2026-02-16,prov-3,BAKERY,SNACKS,Monday,0,0.08,28.6,0.27,118,84,34,71.2
2026-02-17,prov-3,BAKERY,SNACKS,Tuesday,0,0.1,33.1,0.25,42,29,13,69.0
2026-02-18,prov-5,SUPERMARKET,SNACKS,Wednesday,0,0.15,37.7,0.2,60,49,11,81.7
2026-02-19,prov-3,BAKERY,FRESH_PRODUCE,Thursday,0,0.2,37.3,0.03,95,68,27,71.6
2026-02-20,prov-2,RESTAURANT,SNACKS,Friday,0,0.18,36.2,0.55,109,88,21,80.7
2026-02-21,prov-5,SUPERMARKET,SNACKS,Saturday,1,0.13,36.7,0.26,60,46,14,76.7
2026-02-22,prov-5,SUPERMARKET,BAKERY,Sunday,1,0.14,35.8,0.26,95,72,23,75.8
2026-02-23,prov-2,RESTAURANT,BAKERY,Monday,0,0.16,31.0,0.31,89,74,15,83.1
2026-02-24,prov-5,SUPERMARKET,BAKERY,Tuesday,0,0.11,28.6,0.33,145,100,45,69.0
2026-02-25,prov-1,HOTEL_BANQUET,MEALS,Wednesday,0,0.19,36.4,0.31,85,58,27,68.2
2026-02-26,prov-1,HOTEL_BANQUET,DAIRY,Thursday,0,0.08,36.1,0.26,133,94,39,70.7
2026-02-27,prov-5,SUPERMARKET,BAKERY,Friday,0,0.13,31.4,0.33,144,101,43,70.1
2026-02-28,prov-1,HOTEL_BANQUET,BAKERY,Saturday,1,0.13,32.7,0.19,113,89,24,78.8
2026-03-01,prov-5,SUPERMARKET,MEALS,Sunday,1,0.09,35.5,0.73,115,98,17,85.2
2026-03-02,prov-2,RESTAURANT,SNACKS,Monday,0,0.11,31.5,0.15,105,72,33,68.6
2026-03-03,prov-3,BAKERY,SNACKS,Tuesday,0,0.13,33.4,0.22,70,53,17,75.7
2026-03-04,prov-1,HOTEL_BANQUET,SNACKS,Wednesday,0,0.12,32.9,0.31,95,69,26,72.6
2026-03-05,prov-4,VEG_RESTAURANT,SNACKS,Thursday,0,0.2,33.6,0.4,115,80,35,69.6
2026-03-06,prov-1,HOTEL_BANQUET,DAIRY,Friday,0,0.14,37.3,0.58,218,161,57,73.9
2026-03-07,prov-1,HOTEL_BANQUET,DAIRY,Saturday,1,0.15,30.1,0.64,93,80,13,86.0
2026-03-08,prov-2,RESTAURANT,FRESH_PRODUCE,Sunday,1,0.1,37.3,0.49,56,47,9,83.9
2026-03-09,prov-2,RESTAURANT,BAKERY,Monday,0,0.11,36.7,0.25,136,100,36,73.5
2026-03-10,prov-3,BAKERY,SNACKS,Tuesday,0,0.19,36.2,0.16,40,30,10,75.0
2026-03-11,prov-5,SUPERMARKET,SNACKS,Wednesday,0,0.12,33.1,0.01,154,108,46,70.1
2026-03-12,prov-2,RESTAURANT,DAIRY,Thursday,0,0.19,30.2,0.17,131,99,32,75.6
2026-03-13,prov-2,RESTAURANT,BAKERY,Friday,0,0.12,30.9,0.27,117,94,23,80.3
2026-03-14,prov-2,RESTAURANT,MEALS,Saturday,1,0.1,29.0,0.11,135,118,17,87.4
2026-03-15,prov-5,SUPERMARKET,SNACKS,Sunday,1,0.17,33.6,0.81,50,34,16,68.0
2026-03-16,prov-2,RESTAURANT,BAKERY,Monday,0,0.12,29.2,0.17,125,86,39,68.8
2026-03-17,prov-2,RESTAURANT,MEALS,Tuesday,0,0.12,28.9,0.16,130,97,33,74.6
2026-03-18,prov-1,HOTEL_BANQUET,DAIRY,Wednesday,0,0.09,29.4,0.22,229,178,51,77.7
2026-03-19,prov-4,VEG_RESTAURANT,BAKERY,Thursday,0,0.06,31.7,0.14,157,108,49,68.8
2026-03-20,prov-2,RESTAURANT,BAKERY,Friday,0,0.08,34.1,0.34,141,99,42,70.2
2026-03-21,prov-5,SUPERMARKET,BAKERY,Saturday,1,0.07,28.1,0.46,103,88,15,85.4
2026-03-22,prov-5,SUPERMARKET,DAIRY,Sunday,1,0.1,36.5,0.45,114,84,30,73.7
2026-03-23,prov-1,HOTEL_BANQUET,SNACKS,Monday,0,0.11,33.2,0.39,202,157,45,77.7
2026-03-24,prov-5,SUPERMARKET,FRESH_PRODUCE,Tuesday,0,0.19,30.4,0.2,78,55,23,70.5
2026-03-25,prov-4,VEG_RESTAURANT,SNACKS,Wednesday,0,0.19,37.9,0.17,132,91,41,68.9
2026-03-26,prov-2,RESTAURANT,SNACKS,Thursday,0,0.08,30.7,0.37,114,81,33,71.1
2026-03-27,prov-5,SUPERMARKET,MEALS,Friday,0,0.05,31.7,0.7,109,84,25,77.1
2026-03-28,prov-5,SUPERMARKET,SNACKS,Saturday,1,0.09,37.5,0.38,70,51,19,72.9
2026-03-29,prov-1,HOTEL_BANQUET,MEALS,Sunday,1,0.19,37.5,0.68,154,122,32,79.2
2026-03-30,prov-1,HOTEL_BANQUET,DAIRY,Monday,0,0.16,33.6,0.11,101,72,29,71.3
2026-03-31,prov-4,VEG_RESTAURANT,DAIRY,Tuesday,0,0.08,30.8,0.37,117,81,36,69.2
2026-04-01,prov-5,SUPERMARKET,BAKERY,Wednesday,0,0.15,29.5,0.05,126,106,20,84.1
2026-04-02,prov-2,RESTAURANT,FRESH_PRODUCE,Thursday,0,0.2,37.6,0.23,98,81,17,82.7
2026-04-03,prov-4,VEG_RESTAURANT,BAKERY,Friday,0,0.08,28.2,0.34,96,68,28,70.8
2026-04-04,prov-4,VEG_RESTAURANT,DAIRY,Saturday,1,0.06,29.5,0.22,149,129,20,86.6
2026-04-05,prov-4,VEG_RESTAURANT,DAIRY,Sunday,1,0.12,34.4,0.5,91,63,28,69.2
2026-04-06,prov-2,RESTAURANT,SNACKS,Monday,0,0.17,36.0,0.22,159,123,36,77.4
2026-04-07,prov-5,SUPERMARKET,BAKERY,Tuesday,0,0.14,29.6,0.2,120,85,35,70.8
2026-04-08,prov-3,BAKERY,BAKERY,Wednesday,0,0.2,37.3,0.26,87,63,24,72.4
2026-04-09,prov-2,RESTAURANT,SNACKS,Thursday,0,0.07,34.7,0.11,110,89,21,80.9
2026-04-10,prov-4,VEG_RESTAURANT,SNACKS,Friday,0,0.08,31.8,0.12,116,97,19,83.6
2026-04-11,prov-5,SUPERMARKET,FRESH_PRODUCE,Saturday,1,0.06,35.5,0.21,107,75,32,70.1
2026-04-12,prov-4,VEG_RESTAURANT,DAIRY,Sunday,1,0.14,31.3,0.32,123,89,34,72.4
2026-04-13,prov-5,SUPERMARKET,MEALS,Monday,0,0.06,32.0,0.13,61,52,9,85.2
2026-04-14,prov-4,VEG_RESTAURANT,BAKERY,Tuesday,0,0.17,29.3,0.03,92,67,25,72.8
2026-04-15,prov-2,RESTAURANT,BAKERY,Wednesday,0,0.15,30.9,0.25,53,39,14,73.6
2026-04-16,prov-4,VEG_RESTAURANT,DAIRY,Thursday,0,0.07,33.5,0.26,89,67,22,75.3
2026-04-17,prov-4,VEG_RESTAURANT,SNACKS,Friday,0,0.08,36.8,0.48,83,61,22,73.5
2026-04-18,prov-2,RESTAURANT,SNACKS,Saturday,1,0.13,35.4,0.13,96,85,11,88.5
2026-04-19,prov-3,BAKERY,FRESH_PRODUCE,Sunday,1,0.07,31.2,0.4,103,88,15,85.4
2026-04-20,prov-1,HOTEL_BANQUET,DAIRY,Monday,0,0.16,31.1,0.3,179,147,32,82.1
2026-04-21,prov-2,RESTAURANT,MEALS,Tuesday,0,0.06,34.4,0.02,110,80,30,72.7
2026-04-22,prov-5,SUPERMARKET,DAIRY,Wednesday,0,0.2,36.4,0.37,77,52,25,67.5
2026-04-23,prov-5,SUPERMARKET,DAIRY,Thursday,0,0.2,33.1,0.37,94,77,17,81.9
2026-04-24,prov-3,BAKERY,MEALS,Friday,0,0.14,37.3,0.32,104,79,25,76.0
2026-04-25,prov-1,HOTEL_BANQUET,MEALS,Saturday,1,0.19,37.2,0.21,218,176,42,80.7
2026-04-26,prov-2,RESTAURANT,MEALS,Sunday,1,0.15,34.9,0.7,88,74,14,84.1
2026-04-27,prov-5,SUPERMARKET,BAKERY,Monday,0,0.1,36.8,0.05,141,118,23,83.7
2026-04-28,prov-2,RESTAURANT,MEALS,Tuesday,0,0.13,33.0,0.39,92,72,20,78.3
2026-04-29,prov-1,HOTEL_BANQUET,DAIRY,Wednesday,0,0.15,34.9,0.27,211,162,49,76.8
2026-04-30,prov-2,RESTAURANT,SNACKS,Thursday,0,0.07,30.6,0.18,132,92,40,69.7
2026-05-01,prov-2,RESTAURANT,DAIRY,Friday,0,0.13,36.5,0.69,66,51,15,77.3
2026-05-02,prov-5,SUPERMARKET,FRESH_PRODUCE,Saturday,1,0.18,32.6,0.51,86,73,13,84.9
2026-05-03,prov-4,VEG_RESTAURANT,DAIRY,Sunday,1,0.13,30.9,0.81,109,77,32,70.6
2026-05-04,prov-5,SUPERMARKET,MEALS,Monday,0,0.16,28.1,0.17,145,104,41,71.7
2026-05-05,prov-4,VEG_RESTAURANT,BAKERY,Tuesday,0,0.08,33.7,0.2,135,98,37,72.6
2026-05-06,prov-5,SUPERMARKET,FRESH_PRODUCE,Wednesday,0,0.15,37.4,0.35,147,123,24,83.7
2026-05-07,prov-2,RESTAURANT,SNACKS,Thursday,0,0.14,30.7,0.07,145,122,23,84.1
2026-05-08,prov-1,HOTEL_BANQUET,FRESH_PRODUCE,Friday,0,0.09,31.6,0.92,248,209,39,84.3
2026-05-09,prov-3,BAKERY,BAKERY,Saturday,1,0.2,35.2,0.71,97,72,25,74.2
2026-05-10,prov-5,SUPERMARKET,SNACKS,Sunday,1,0.12,36.0,0.47,129,103,26,79.8
2026-05-11,prov-4,VEG_RESTAURANT,DAIRY,Monday,0,0.1,33.2,0.33,105,87,18,82.9
2026-05-12,prov-4,VEG_RESTAURANT,BAKERY,Tuesday,0,0.15,37.0,0.3,146,100,46,68.5
2026-05-13,prov-4,VEG_RESTAURANT,SNACKS,Wednesday,0,0.16,32.8,0.03,117,89,28,76.1
2026-05-14,prov-1,HOTEL_BANQUET,BAKERY,Thursday,0,0.14,33.9,0.24,85,67,18,78.8
2026-05-15,prov-1,HOTEL_BANQUET,FRESH_PRODUCE,Friday,0,0.14,32.5,0.8,108,88,20,81.5
2026-05-16,prov-4,VEG_RESTAURANT,DAIRY,Saturday,1,0.06,28.8,0.13,94,77,17,81.9
2026-05-17,prov-3,BAKERY,SNACKS,Sunday,1,0.08,29.3,0.78,73,53,20,72.6
2026-05-18,prov-3,BAKERY,SNACKS,Monday,0,0.2,36.8,0.22,41,26,15,63.4
2026-05-19,prov-5,SUPERMARKET,MEALS,Tuesday,0,0.15,31.6,0.12,157,107,50,68.2
2026-05-20,prov-4,VEG_RESTAURANT,FRESH_PRODUCE,Wednesday,0,0.06,28.3,0.23,83,57,26,68.7
2026-05-21,prov-1,HOTEL_BANQUET,MEALS,Thursday,0,0.13,30.4,0.37,229,161,68,70.3
2026-05-22,prov-4,VEG_RESTAURANT,SNACKS,Friday,0,0.18,35.7,0.31,146,101,45,69.2
2026-05-23,prov-2,RESTAURANT,FRESH_PRODUCE,Saturday,1,0.05,32.2,0.85,144,117,27,81.2
2026-05-24,prov-3,BAKERY,MEALS,Sunday,1,0.11,37.0,0.34,119,88,31,73.9
2026-05-25,prov-2,RESTAURANT,BAKERY,Monday,0,0.19,32.3,0.31,133,101,32,75.9
2026-05-26,prov-1,HOTEL_BANQUET,FRESH_PRODUCE,Tuesday,0,0.12,34.9,0.11,201,170,31,84.6
2026-05-27,prov-1,HOTEL_BANQUET,BAKERY,Wednesday,0,0.1,28.6,0.1,164,140,24,85.4
2026-05-28,prov-3,BAKERY,MEALS,Thursday,0,0.18,31.1,0.36,68,53,15,77.9
2026-05-29,prov-1,HOTEL_BANQUET,FRESH_PRODUCE,Friday,0,0.12,36.9,0.44,86,60,26,69.8
2026-05-30,prov-4,VEG_RESTAURANT,MEALS,Saturday,1,0.09,36.0,0.32,121,87,34,71.9
2026-05-31,prov-2,RESTAURANT,DAIRY,Sunday,1,0.11,32.2,0.83,78,65,13,83.3
2026-06-01,prov-5,SUPERMARKET,MEALS,Monday,0,0.06,31.1,0.04,100,75,25,75.0
2026-06-02,prov-4,VEG_RESTAURANT,SNACKS,Tuesday,0,0.06,31.2,0.28,59,43,16,72.9
2026-06-03,prov-2,RESTAURANT,MEALS,Wednesday,0,0.16,30.8,0.05,91,64,27,70.3
2026-06-04,prov-3,BAKERY,MEALS,Thursday,0,0.13,31.1,0.13,115,97,18,84.3
2026-06-05,prov-4,VEG_RESTAURANT,MEALS,Friday,0,0.16,33.4,0.41,115,86,29,74.8
2026-06-06,prov-5,SUPERMARKET,FRESH_PRODUCE,Saturday,1,0.11,34.9,0.75,122,86,36,70.5
2026-06-07,prov-5,SUPERMARKET,DAIRY,Sunday,1,0.09,33.4,0.32,141,113,28,80.1
2026-06-08,prov-3,BAKERY,FRESH_PRODUCE,Monday,0,0.09,29.6,0.16,75,57,18,76.0
2026-06-09,prov-2,RESTAURANT,DAIRY,Tuesday,0,0.08,37.8,0.34,78,58,20,74.4
2026-06-10,prov-5,SUPERMARKET,FRESH_PRODUCE,Wednesday,0,0.12,31.3,0.28,149,121,28,81.2
2026-06-11,prov-3,BAKERY,DAIRY,Thursday,0,0.07,33.8,0.28,92,63,29,68.5
2026-06-12,prov-5,SUPERMARKET,SNACKS,Friday,0,0.17,36.4,0.67,107,81,26,75.7
2026-06-13,prov-5,SUPERMARKET,SNACKS,Saturday,1,0.1,28.1,0.15,152,130,22,85.5
2026-06-14,prov-2,RESTAURANT,BAKERY,Sunday,1,0.18,35.3,0.64,106,90,16,84.9
2026-06-15,prov-4,VEG_RESTAURANT,FRESH_PRODUCE,Monday,0,0.13,29.9,0.31,153,126,27,82.4
2026-06-16,prov-4,VEG_RESTAURANT,SNACKS,Tuesday,0,0.11,32.8,0.25,93,68,25,73.1
2026-06-17,prov-4,VEG_RESTAURANT,FRESH_PRODUCE,Wednesday,0,0.1,33.6,0.39,157,123,34,78.3
2026-06-18,prov-2,RESTAURANT,MEALS,Thursday,0,0.1,30.5,0.06,137,110,27,80.3
2026-06-19,prov-2,RESTAURANT,MEALS,Friday,0,0.16,33.4,0.33,128,93,35,72.7
2026-06-20,prov-5,SUPERMARKET,MEALS,Saturday,1,0.12,36.0,0.75,125,110,15,88.0
2026-06-21,prov-2,RESTAURANT,SNACKS,Sunday,1,0.06,29.7,0.39,73,61,12,83.6
2026-06-22,prov-1,HOTEL_BANQUET,BAKERY,Monday,0,0.13,32.5,0.37,80,55,25,68.8
2026-06-23,prov-4,VEG_RESTAURANT,MEALS,Tuesday,0,0.13,35.7,0.06,128,101,27,78.9
2026-06-24,prov-3,BAKERY,MEALS,Wednesday,0,0.13,28.6,0.24,78,62,16,79.5
2026-06-25,prov-4,VEG_RESTAURANT,MEALS,Thursday,0,0.06,32.3,0.26,131,102,29,77.9
2026-06-26,prov-3,BAKERY,BAKERY,Friday,0,0.18,28.6,0.64,88,59,29,67.0
2026-06-27,prov-3,BAKERY,SNACKS,Saturday,1,0.18,30.7,0.61,107,80,27,74.8
2026-06-28,prov-2,RESTAURANT,DAIRY,Sunday,1,0.13,31.3,0.84,145,100,45,69.0
2026-06-29,prov-2,RESTAURANT,MEALS,Monday,0,0.16,30.0,0.24,101,70,31,69.3
2026-01-01,prov-4,VEG_RESTAURANT,SNACKS,Thursday,0,0.14,33.3,0.26,159,117,42,73.6
2026-01-02,prov-4,VEG_RESTAURANT,SNACKS,Friday,0,0.07,28.4,0.79,93,67,26,72.0
2026-01-03,prov-3,BAKERY,DAIRY,Saturday,1,0.12,37.0,0.51,57,49,8,86.0
2026-01-04,prov-2,RESTAURANT,DAIRY,Sunday,1,0.17,34.6,0.65,155,113,42,72.9
2026-01-05,prov-4,VEG_RESTAURANT,MEALS,Monday,0,0.19,35.2,0.29,116,82,34,70.7
2026-01-06,prov-4,VEG_RESTAURANT,FRESH_PRODUCE,Tuesday,0,0.15,31.3,0.4,114,87,27,76.3
2026-01-07,prov-1,HOTEL_BANQUET,SNACKS,Wednesday,0,0.15,33.7,0.17,204,154,50,75.5
2026-01-08,prov-2,RESTAURANT,DAIRY,Thursday,0,0.06,32.7,0.16,86,62,24,72.1
2026-01-09,prov-5,SUPERMARKET,FRESH_PRODUCE,Friday,0,0.14,30.6,0.82,94,71,23,75.5
2026-01-10,prov-4,VEG_RESTAURANT,MEALS,Saturday,1,0.18,37.7,0.12,57,41,16,71.9
2026-01-11,prov-2,RESTAURANT,BAKERY,Sunday,1,0.16,36.9,0.86,140,98,42,70.0
2026-01-12,prov-2,RESTAURANT,MEALS,Monday,0,0.13,29.1,0.31,140,109,31,77.9
2026-01-13,prov-4,VEG_RESTAURANT,BAKERY,Tuesday,0,0.08,28.9,0.02,115,94,21,81.7
2026-01-14,prov-5,SUPERMARKET,DAIRY,Wednesday,0,0.09,36.2,0.36,133,89,44,66.9
2026-01-15,prov-3,BAKERY,MEALS,Thursday,0,0.1,37.4,0.13,88,61,27,69.3
2026-01-16,prov-2,RESTAURANT,DAIRY,Friday,0,0.11,32.0,0.92,78,59,19,75.6
2026-01-17,prov-4,VEG_RESTAURANT,SNACKS,Saturday,1,0.12,29.9,0.63,151,127,24,84.1
2026-01-18,prov-5,SUPERMARKET,FRESH_PRODUCE,Sunday,1,0.19,36.2,0.4,65,47,18,72.3
2026-01-19,prov-4,VEG_RESTAURANT,FRESH_PRODUCE,Monday,0,0.06,33.2,0.19,63,48,15,76.2
2026-01-20,prov-1,HOTEL_BANQUET,SNACKS,Tuesday,0,0.09,28.5,0.0,159,107,52,67.3
2026-01-21,prov-4,VEG_RESTAURANT,MEALS,Wednesday,0,0.16,37.9,0.19,122,98,24,80.3
2026-01-22,prov-2,RESTAURANT,DAIRY,Thursday,0,0.12,28.4,0.16,74,62,12,83.8
2026-01-23,prov-1,HOTEL_BANQUET,FRESH_PRODUCE,Friday,0,0.07,28.1,0.9,190,155,35,81.6
2026-01-24,prov-1,HOTEL_BANQUET,SNACKS,Saturday,1,0.06,28.5,0.81,226,167,59,73.9
2026-01-25,prov-1,HOTEL_BANQUET,MEALS,Sunday,1,0.2,34.7,0.25,249,208,41,83.5
2026-01-26,prov-1,HOTEL_BANQUET,SNACKS,Monday,0,0.19,37.0,0.21,89,71,18,79.8
2026-01-27,prov-5,SUPERMARKET,MEALS,Tuesday,0,0.05,32.6,0.04,158,132,26,83.5
2026-01-28,prov-4,VEG_RESTAURANT,FRESH_PRODUCE,Wednesday,0,0.13,29.4,0.18,53,44,9,83.0
2026-01-29,prov-2,RESTAURANT,FRESH_PRODUCE,Thursday,0,0.09,34.4,0.22,52,35,17,67.3
2026-01-30,prov-4,VEG_RESTAURANT,DAIRY,Friday,0,0.11,37.7,0.23,92,65,27,70.7
2026-01-31,prov-5,SUPERMARKET,DAIRY,Saturday,1,0.13,37.6,0.59,131,101,30,77.1
2026-02-01,prov-5,SUPERMARKET,MEALS,Sunday,1,0.15,38.0,0.74,142,121,21,85.2
2026-02-02,prov-5,SUPERMARKET,FRESH_PRODUCE,Monday,0,0.08,29.5,0.11,86,60,26,69.8
2026-02-03,prov-5,SUPERMARKET,MEALS,Tuesday,0,0.14,28.7,0.21,58,48,10,82.8
2026-02-04,prov-2,RESTAURANT,FRESH_PRODUCE,Wednesday,0,0.17,29.1,0.17,125,105,20,84.0
2026-02-05,prov-1,HOTEL_BANQUET,SNACKS,Thursday,0,0.18,31.0,0.24,189,129,60,68.3
2026-02-06,prov-5,SUPERMARKET,DAIRY,Friday,0,0.11,34.5,0.66,67,51,16,76.1
2026-02-07,prov-3,BAKERY,BAKERY,Saturday,1,0.11,28.0,0.14,52,46,6,88.5
2026-02-08,prov-4,VEG_RESTAURANT,BAKERY,Sunday,1,0.1,31.4,0.3,67,48,19,71.6
2026-02-09,prov-4,VEG_RESTAURANT,MEALS,Monday,0,0.09,31.7,0.16,51,43,8,84.3
2026-02-10,prov-1,HOTEL_BANQUET,FRESH_PRODUCE,Tuesday,0,0.09,32.4,0.22,219,164,55,74.9
2026-02-11,prov-4,VEG_RESTAURANT,FRESH_PRODUCE,Wednesday,0,0.18,30.8,0.17,53,41,12,77.4
2026-02-12,prov-1,HOTEL_BANQUET,BAKERY,Thursday,0,0.17,29.7,0.01,198,129,69,65.2
2026-02-13,prov-4,VEG_RESTAURANT,BAKERY,Friday,0,0.2,32.0,0.4,76,55,21,72.4
2026-02-14,prov-2,RESTAURANT,BAKERY,Saturday,1,0.17,35.1,0.25,104,81,23,77.9
2026-02-15,prov-2,RESTAURANT,DAIRY,Sunday,1,0.15,35.3,0.74,150,114,36,76.0
2026-02-16,prov-3,BAKERY,BAKERY,Monday,0,0.07,32.1,0.06,118,98,20,83.1
2026-02-17,prov-2,RESTAURANT,BAKERY,Tuesday,0,0.18,28.6,0.12,103,73,30,70.9
2026-02-18,prov-4,VEG_RESTAURANT,BAKERY,Wednesday,0,0.1,35.7,0.08,72,57,15,79.2
2026-02-19,prov-4,VEG_RESTAURANT,BAKERY,Thursday,0,0.08,35.2,0.04,136,113,23,83.1
2026-02-20,prov-4,VEG_RESTAURANT,FRESH_PRODUCE,Friday,0,0.06,37.9,0.32,107,77,30,72.0
2026-02-21,prov-4,VEG_RESTAURANT,FRESH_PRODUCE,Saturday,1,0.13,33.3,0.64,104,75,29,72.1
2026-02-22,prov-1,HOTEL_BANQUET,DAIRY,Sunday,1,0.17,37.0,0.89,152,108,44,71.1
2026-02-23,prov-4,VEG_RESTAURANT,FRESH_PRODUCE,Monday,0,0.12,35.2,0.21,101,79,22,78.2
2026-02-24,prov-2,RESTAURANT,BAKERY,Tuesday,0,0.13,28.7,0.08,124,83,41,66.9
2026-02-25,prov-1,HOTEL_BANQUET,MEALS,Wednesday,0,0.08,37.3,0.3,144,123,21,85.4
2026-02-26,prov-1,HOTEL_BANQUET,SNACKS,Thursday,0,0.12,34.8,0.27,147,105,42,71.4
2026-02-27,prov-5,SUPERMARKET,BAKERY,Friday,0,0.1,30.0,0.91,140,114,26,81.4
2026-02-28,prov-2,RESTAURANT,BAKERY,Saturday,1,0.05,37.3,0.18,126,100,26,79.4
2026-03-01,prov-5,SUPERMARKET,SNACKS,Sunday,1,0.12,38.0,0.65,136,103,33,75.7
2026-03-02,prov-4,VEG_RESTAURANT,DAIRY,Monday,0,0.15,35.1,0.2,118,91,27,77.1
2026-03-03,prov-5,SUPERMARKET,SNACKS,Tuesday,0,0.08,34.8,0.34,58,44,14,75.9
2026-03-04,prov-1,HOTEL_BANQUET,FRESH_PRODUCE,Wednesday,0,0.12,36.0,0.35,88,70,18,79.5
2026-03-05,prov-2,RESTAURANT,DAIRY,Thursday,0,0.05,37.4,0.3,148,103,45,69.6
2026-03-06,prov-4,VEG_RESTAURANT,MEALS,Friday,0,0.1,30.3,0.7,136,111,25,81.6
2026-03-07,prov-5,SUPERMARKET,SNACKS,Saturday,1,0.11,35.2,0.26,133,113,20,85.0
2026-03-08,prov-5,SUPERMARKET,SNACKS,Sunday,1,0.17,33.4,0.15,101,83,18,82.2
2026-03-09,prov-5,SUPERMARKET,FRESH_PRODUCE,Monday,0,0.17,34.1,0.26,99,73,26,73.7
2026-03-10,prov-5,SUPERMARKET,FRESH_PRODUCE,Tuesday,0,0.17,29.7,0.2,81,56,25,69.1
2026-03-11,prov-3,BAKERY,BAKERY,Wednesday,0,0.2,28.9,0.15,93,75,18,80.6
2026-03-12,prov-3,BAKERY,SNACKS,Thursday,0,0.17,30.0,0.16,76,51,25,67.1
2026-03-13,prov-1,HOTEL_BANQUET,DAIRY,Friday,0,0.2,29.5,0.27,211,146,65,69.2
2026-03-14,prov-2,RESTAURANT,MEALS,Saturday,1,0.15,33.6,0.52,126,98,28,77.8
2026-03-15,prov-2,RESTAURANT,MEALS,Sunday,1,0.11,31.1,0.93,130,100,30,76.9
2026-03-16,prov-1,HOTEL_BANQUET,DAIRY,Monday,0,0.19,30.3,0.16,161,113,48,70.2
2026-03-17,prov-5,SUPERMARKET,SNACKS,Tuesday,0,0.19,31.6,0.28,141,111,30,78.7
2026-03-18,prov-5,SUPERMARKET,FRESH_PRODUCE,Wednesday,0,0.1,32.3,0.26,91,76,15,83.5
2026-03-19,prov-5,SUPERMARKET,SNACKS,Thursday,0,0.06,33.8,0.25,140,113,27,80.7
2026-03-20,prov-1,HOTEL_BANQUET,FRESH_PRODUCE,Friday,0,0.13,37.5,0.64,156,111,45,71.2
2026-03-21,prov-3,BAKERY,MEALS,Saturday,1,0.19,32.0,0.23,82,57,25,69.5
2026-03-22,prov-3,BAKERY,DAIRY,Sunday,1,0.15,37.8,0.93,68,47,21,69.1
2026-03-23,prov-2,RESTAURANT,MEALS,Monday,0,0.07,32.4,0.22,82,55,27,67.1
2026-03-24,prov-3,BAKERY,DAIRY,Tuesday,0,0.14,33.1,0.25,43,29,14,67.4
2026-03-25,prov-3,BAKERY,MEALS,Wednesday,0,0.11,36.9,0.32,60,44,16,73.3
2026-03-26,prov-3,BAKERY,DAIRY,Thursday,0,0.17,30.1,0.27,67,48,19,71.6
2026-03-27,prov-2,RESTAURANT,BAKERY,Friday,0,0.17,35.2,0.27,123,94,29,76.4
2026-03-28,prov-4,VEG_RESTAURANT,SNACKS,Saturday,1,0.11,28.2,0.67,59,45,14,76.3
2026-03-29,prov-3,BAKERY,DAIRY,Sunday,1,0.17,28.6,0.47,95,77,18,81.1
2026-03-30,prov-3,BAKERY,MEALS,Monday,0,0.14,36.7,0.23,51,39,12,76.5
2026-03-31,prov-3,BAKERY,BAKERY,Tuesday,0,0.14,33.0,0.02,54,40,14,74.1
2026-04-01,prov-2,RESTAURANT,FRESH_PRODUCE,Wednesday,0,0.08,37.5,0.13,97,76,21,78.4
2026-04-02,prov-2,RESTAURANT,DAIRY,Thursday,0,0.12,31.7,0.17,112,74,38,66.1
2026-04-03,prov-1,HOTEL_BANQUET,FRESH_PRODUCE,Friday,0,0.07,31.7,0.54,214,173,41,80.8
2026-04-04,prov-4,VEG_RESTAURANT,BAKERY,Saturday,1,0.07,29.2,0.31,155,117,38,75.5
2026-04-05,prov-5,SUPERMARKET,FRESH_PRODUCE,Sunday,1,0.06,35.1,0.78,105,94,11,89.5
2026-04-06,prov-3,BAKERY,SNACKS,Monday,0,0.06,37.0,0.2,65,51,14,78.5
2026-04-07,prov-5,SUPERMARKET,SNACKS,Tuesday,0,0.17,33.0,0.23,105,76,29,72.4
2026-04-08,prov-5,SUPERMARKET,SNACKS,Wednesday,0,0.09,30.2,0.3,130,108,22,83.1
2026-04-09,prov-1,HOTEL_BANQUET,DAIRY,Thursday,0,0.19,31.8,0.12,187,152,35,81.3
2026-04-10,prov-4,VEG_RESTAURANT,SNACKS,Friday,0,0.16,32.6,0.7,115,82,33,71.3
2026-04-11,prov-2,RESTAURANT,MEALS,Saturday,1,0.18,37.4,0.56,63,49,14,77.8
2026-04-12,prov-2,RESTAURANT,FRESH_PRODUCE,Sunday,1,0.09,37.1,0.46,65,46,19,70.8
2026-04-13,prov-5,SUPERMARKET,MEALS,Monday,0,0.19,32.1,0.33,64,44,20,68.8
2026-04-14,prov-4,VEG_RESTAURANT,SNACKS,Tuesday,0,0.06,32.1,0.35,78,52,26,66.7
2026-04-15,prov-4,VEG_RESTAURANT,BAKERY,Wednesday,0,0.13,37.8,0.28,127,101,26,79.5
2026-04-16,prov-2,RESTAURANT,BAKERY,Thursday,0,0.08,31.8,0.25,92,65,27,70.7
2026-04-17,prov-5,SUPERMARKET,DAIRY,Friday,0,0.18,28.6,0.93,148,112,36,75.7
2026-04-18,prov-2,RESTAURANT,SNACKS,Saturday,1,0.19,34.8,0.47,51,35,16,68.6
2026-04-19,prov-1,HOTEL_BANQUET,BAKERY,Sunday,1,0.2,36.9,0.71,112,81,31,72.3
2026-04-20,prov-2,RESTAURANT,FRESH_PRODUCE,Monday,0,0.14,30.0,0.29,126,104,22,82.5
2026-04-21,prov-2,RESTAURANT,BAKERY,Tuesday,0,0.08,31.5,0.38,100,73,27,73.0
2026-04-22,prov-4,VEG_RESTAURANT,FRESH_PRODUCE,Wednesday,0,0.13,30.7,0.35,147,110,37,74.8
2026-04-23,prov-5,SUPERMARKET,FRESH_PRODUCE,Thursday,0,0.05,36.2,0.35,134,97,37,72.4
2026-04-24,prov-4,VEG_RESTAURANT,SNACKS,Friday,0,0.13,34.9,0.95,115,90,25,78.3
2026-04-25,prov-1,HOTEL_BANQUET,DAIRY,Saturday,1,0.08,37.7,0.12,162,116,46,71.6
2026-04-26,prov-5,SUPERMARKET,MEALS,Sunday,1,0.15,31.5,0.18,76,52,24,68.4
2026-04-27,prov-3,BAKERY,FRESH_PRODUCE,Monday,0,0.2,28.8,0.28,106,77,29,72.6
2026-04-28,prov-5,SUPERMARKET,MEALS,Tuesday,0,0.16,37.6,0.2,52,43,9,82.7
2026-04-29,prov-5,SUPERMARKET,SNACKS,Wednesday,0,0.13,29.7,0.32,136,93,43,68.4
2026-04-30,prov-2,RESTAURANT,SNACKS,Thursday,0,0.17,36.4,0.2,79,57,22,72.2
2026-05-01,prov-3,BAKERY,BAKERY,Friday,0,0.09,36.6,0.53,60,41,19,68.3
2026-05-02,prov-4,VEG_RESTAURANT,BAKERY,Saturday,1,0.13,31.8,0.81,140,117,23,83.6
2026-05-03,prov-3,BAKERY,SNACKS,Sunday,1,0.12,31.9,0.8,88,70,18,79.5
2026-05-04,prov-3,BAKERY,MEALS,Monday,0,0.16,36.6,0.13,70,53,17,75.7
2026-05-05,prov-3,BAKERY,SNACKS,Tuesday,0,0.15,29.9,0.07,108,77,31,71.3
2026-05-06,prov-4,VEG_RESTAURANT,SNACKS,Wednesday,0,0.19,28.6,0.03,113,91,22,80.5
2026-05-07,prov-2,RESTAURANT,MEALS,Thursday,0,0.09,29.2,0.15,50,35,15,70.0
2026-05-08,prov-2,RESTAURANT,SNACKS,Friday,0,0.08,37.3,0.62,103,82,21,79.6
2026-05-09,prov-5,SUPERMARKET,FRESH_PRODUCE,Saturday,1,0.18,34.8,0.72,94,68,26,72.3
2026-05-10,prov-1,HOTEL_BANQUET,BAKERY,Sunday,1,0.06,36.1,0.39,242,188,54,77.7
2026-05-11,prov-1,HOTEL_BANQUET,DAIRY,Monday,0,0.2,35.6,0.07,169,129,40,76.3
2026-05-12,prov-5,SUPERMARKET,DAIRY,Tuesday,0,0.08,36.6,0.31,135,95,40,70.4
2026-05-13,prov-1,HOTEL_BANQUET,FRESH_PRODUCE,Wednesday,0,0.1,36.7,0.33,212,169,43,79.7
2026-05-14,prov-2,RESTAURANT,FRESH_PRODUCE,Thursday,0,0.07,37.5,0.25,62,52,10,83.9
2026-05-15,prov-4,VEG_RESTAURANT,MEALS,Friday,0,0.17,31.5,0.42,99,82,17,82.8
2026-05-16,prov-3,BAKERY,SNACKS,Saturday,1,0.17,33.1,0.28,57,47,10,82.5
2026-05-17,prov-5,SUPERMARKET,FRESH_PRODUCE,Sunday,1,0.15,34.7,0.53,95,74,21,77.9
2026-05-18,prov-5,SUPERMARKET,FRESH_PRODUCE,Monday,0,0.13,37.2,0.2,138,111,27,80.4
2026-05-19,prov-5,SUPERMARKET,SNACKS,Tuesday,0,0.06,33.7,0.4,52,38,14,73.1
2026-05-20,prov-2,RESTAURANT,DAIRY,Wednesday,0,0.13,32.2,0.18,159,111,48,69.8
2026-05-21,prov-4,VEG_RESTAURANT,DAIRY,Thursday,0,0.08,30.5,0.38,55,41,14,74.5
2026-05-22,prov-1,HOTEL_BANQUET,SNACKS,Friday,0,0.18,33.2,0.19,150,99,51,66.0
2026-05-23,prov-5,SUPERMARKET,SNACKS,Saturday,1,0.12,31.4,0.35,53,39,14,73.6
2026-05-24,prov-5,SUPERMARKET,MEALS,Sunday,1,0.12,34.0,0.25,81,68,13,84.0
2026-05-25,prov-3,BAKERY,DAIRY,Monday,0,0.07,31.2,0.24,57,48,9,84.2
2026-05-26,prov-1,HOTEL_BANQUET,BAKERY,Tuesday,0,0.07,35.4,0.04,88,66,22,75.0
2026-05-27,prov-1,HOTEL_BANQUET,SNACKS,Wednesday,0,0.17,33.9,0.21,249,167,82,67.1
2026-05-28,prov-1,HOTEL_BANQUET,BAKERY,Thursday,0,0.1,30.9,0.29,217,161,56,74.2
2026-05-29,prov-4,VEG_RESTAURANT,MEALS,Friday,0,0.15,28.1,0.55,128,106,22,82.8
2026-05-30,prov-4,VEG_RESTAURANT,FRESH_PRODUCE,Saturday,1,0.1,33.9,0.75,144,129,15,89.6
2026-05-31,prov-3,BAKERY,SNACKS,Sunday,1,0.09,29.9,0.65,85,68,17,80.0
2026-06-01,prov-2,RESTAURANT,DAIRY,Monday,0,0.06,34.8,0.01,62,50,12,80.6
2026-06-02,prov-3,BAKERY,DAIRY,Tuesday,0,0.11,30.1,0.37,112,80,32,71.4
2026-06-03,prov-2,RESTAURANT,SNACKS,Wednesday,0,0.19,36.3,0.4,53,43,10,81.1
2026-06-04,prov-5,SUPERMARKET,MEALS,Thursday,0,0.14,33.6,0.03,110,87,23,79.1
2026-06-05,prov-3,BAKERY,FRESH_PRODUCE,Friday,0,0.15,38.0,0.13,40,27,13,67.5
2026-06-06,prov-1,HOTEL_BANQUET,BAKERY,Saturday,1,0.13,30.9,0.51,175,130,45,74.3
2026-06-07,prov-1,HOTEL_BANQUET,SNACKS,Sunday,1,0.18,31.8,0.44,111,89,22,80.2
2026-06-08,prov-2,RESTAURANT,FRESH_PRODUCE,Monday,0,0.19,35.9,0.02,150,98,52,65.3
2026-06-09,prov-5,SUPERMARKET,BAKERY,Tuesday,0,0.15,37.9,0.02,58,41,17,70.7
2026-06-10,prov-2,RESTAURANT,SNACKS,Wednesday,0,0.12,37.0,0.31,54,40,14,74.1
2026-06-11,prov-1,HOTEL_BANQUET,BAKERY,Thursday,0,0.18,28.5,0.28,219,162,57,74.0
2026-06-12,prov-1,HOTEL_BANQUET,DAIRY,Friday,0,0.18,29.2,0.83,94,72,22,76.6
2026-06-13,prov-2,RESTAURANT,DAIRY,Saturday,1,0.13,29.7,0.36,156,114,42,73.1
2026-06-14,prov-3,BAKERY,FRESH_PRODUCE,Sunday,1,0.16,32.3,0.73,99,78,21,78.8
2026-06-15,prov-5,SUPERMARKET,BAKERY,Monday,0,0.14,33.4,0.03,115,89,26,77.4
2026-06-16,prov-4,VEG_RESTAURANT,DAIRY,Tuesday,0,0.11,28.8,0.35,111,81,30,73.0
2026-06-17,prov-2,RESTAURANT,BAKERY,Wednesday,0,0.1,30.1,0.16,141,112,29,79.4
2026-06-18,prov-5,SUPERMARKET,MEALS,Thursday,0,0.06,35.2,0.23,117,80,37,68.4
2026-06-19,prov-2,RESTAURANT,SNACKS,Friday,0,0.12,35.9,0.59,111,92,19,82.9
2026-06-20,prov-3,BAKERY,MEALS,Saturday,1,0.09,32.9,0.17,103,85,18,82.5
2026-06-21,prov-3,BAKERY,MEALS,Sunday,1,0.18,36.3,0.2,104,80,24,76.9
2026-06-22,prov-4,VEG_RESTAURANT,DAIRY,Monday,0,0.18,32.8,0.02,116,88,28,75.9
2026-06-23,prov-5,SUPERMARKET,DAIRY,Tuesday,0,0.18,28.2,0.37,92,64,28,69.6
2026-06-24,prov-4,VEG_RESTAURANT,DAIRY,Wednesday,0,0.14,31.5,0.21,80,55,25,68.8
2026-06-25,prov-1,HOTEL_BANQUET,MEALS,Thursday,0,0.12,32.6,0.32,242,181,61,74.8
2026-06-26,prov-3,BAKERY,BAKERY,Friday,0,0.07,32.1,0.21,106,71,35,67.0
2026-06-27,prov-2,RESTAURANT,SNACKS,Saturday,1,0.12,35.8,0.61,114,87,27,76.3
2026-06-28,prov-2,RESTAURANT,FRESH_PRODUCE,Sunday,1,0.18,31.1,0.42,99,85,14,85.9
2026-06-29,prov-3,BAKERY,MEALS,Monday,0,0.2,30.0,0.15,42,28,14,66.7
2026-01-01,prov-3,BAKERY,FRESH_PRODUCE,Thursday,0,0.17,30.3,0.28,115,78,37,67.8
2026-01-02,prov-1,HOTEL_BANQUET,BAKERY,Friday,0,0.16,36.9,0.49,207,168,39,81.2
2026-01-03,prov-1,HOTEL_BANQUET,BAKERY,Saturday,1,0.13,31.9,0.17,165,123,42,74.5
2026-01-04,prov-5,SUPERMARKET,BAKERY,Sunday,1,0.07,32.6,0.52,117,82,35,70.1
2026-01-05,prov-2,RESTAURANT,FRESH_PRODUCE,Monday,0,0.06,31.3,0.19,61,49,12,80.3
2026-01-06,prov-5,SUPERMARKET,MEALS,Tuesday,0,0.05,33.5,0.14,110,88,22,80.0
2026-01-07,prov-1,HOTEL_BANQUET,BAKERY,Wednesday,0,0.08,32.9,0.04,106,89,17,84.0
2026-01-08,prov-1,HOTEL_BANQUET,SNACKS,Thursday,0,0.09,32.2,0.24,112,79,33,70.5
2026-01-09,prov-3,BAKERY,MEALS,Friday,0,0.07,36.6,0.67,54,36,18,66.7
2026-01-10,prov-5,SUPERMARKET,DAIRY,Saturday,1,0.19,34.1,0.31,134,92,42,68.7
2026-01-11,prov-1,HOTEL_BANQUET,DAIRY,Sunday,1,0.17,35.7,0.49,247,189,58,76.5
2026-01-12,prov-2,RESTAURANT,FRESH_PRODUCE,Monday,0,0.11,30.3,0.28,149,117,32,78.5
2026-01-13,prov-3,BAKERY,BAKERY,Tuesday,0,0.18,31.2,0.24,66,44,22,66.7
2026-01-14,prov-1,HOTEL_BANQUET,SNACKS,Wednesday,0,0.17,28.4,0.1,136,105,31,77.2
2026-01-15,prov-1,HOTEL_BANQUET,DAIRY,Thursday,0,0.06,34.7,0.24,102,68,34,66.7
2026-01-16,prov-4,VEG_RESTAURANT,DAIRY,Friday,0,0.05,36.2,0.48,96,65,31,67.7
2026-01-17,prov-4,VEG_RESTAURANT,BAKERY,Saturday,1,0.09,36.7,0.46,81,66,15,81.5
2026-01-18,prov-1,HOTEL_BANQUET,SNACKS,Sunday,1,0.16,35.5,0.54,189,136,53,72.0
2026-01-19,prov-1,HOTEL_BANQUET,BAKERY,Monday,0,0.19,29.0,0.02,154,101,53,65.6
2026-01-20,prov-1,HOTEL_BANQUET,DAIRY,Tuesday,0,0.2,28.3,0.07,177,142,35,80.2
2026-01-21,prov-2,RESTAURANT,DAIRY,Wednesday,0,0.1,34.2,0.31,108,74,34,68.5
2026-01-22,prov-1,HOTEL_BANQUET,FRESH_PRODUCE,Thursday,0,0.07,32.6,0.03,179,124,55,69.3
2026-01-23,prov-4,VEG_RESTAURANT,MEALS,Friday,0,0.07,33.8,0.23,104,76,28,73.1
2026-01-24,prov-4,VEG_RESTAURANT,MEALS,Saturday,1,0.13,37.0,0.4,117,84,33,71.8
2026-01-25,prov-4,VEG_RESTAURANT,MEALS,Sunday,1,0.13,34.8,0.7,130,95,35,73.1
2026-01-26,prov-4,VEG_RESTAURANT,DAIRY,Monday,0,0.08,35.0,0.35,160,108,52,67.5
2026-01-27,prov-2,RESTAURANT,SNACKS,Tuesday,0,0.2,34.6,0.06,101,72,29,71.3
2026-01-28,prov-2,RESTAURANT,SNACKS,Wednesday,0,0.06,37.9,0.26,118,88,30,74.6
2026-01-29,prov-4,VEG_RESTAURANT,SNACKS,Thursday,0,0.11,33.0,0.06,72,60,12,83.3
2026-01-30,prov-1,HOTEL_BANQUET,MEALS,Friday,0,0.08,30.6,0.61,247,206,41,83.4
2026-01-31,prov-4,VEG_RESTAURANT,DAIRY,Saturday,1,0.09,28.8,0.86,88,76,12,86.4
2026-02-01,prov-1,HOTEL_BANQUET,SNACKS,Sunday,1,0.15,33.2,0.43,168,115,53,68.5
2026-02-02,prov-3,BAKERY,BAKERY,Monday,0,0.08,37.8,0.39,117,90,27,76.9
2026-02-03,prov-2,RESTAURANT,SNACKS,Tuesday,0,0.13,29.9,0.25,131,95,36,72.5
2026-02-04,prov-5,SUPERMARKET,FRESH_PRODUCE,Wednesday,0,0.18,31.0,0.28,116,87,29,75.0
2026-02-05,prov-2,RESTAURANT,SNACKS,Thursday,0,0.1,33.8,0.29,134,112,22,83.6
2026-02-06,prov-4,VEG_RESTAURANT,FRESH_PRODUCE,Friday,0,0.14,28.5,0.18,65,48,17,73.8
2026-02-07,prov-3,BAKERY,MEALS,Saturday,1,0.06,36.8,0.43,85,70,15,82.4
2026-02-08,prov-2,RESTAURANT,DAIRY,Sunday,1,0.18,37.5,0.88,72,54,18,75.0
2026-02-09,prov-1,HOTEL_BANQUET,DAIRY,Monday,0,0.08,37.4,0.29,96,76,20,79.2
2026-02-10,prov-5,SUPERMARKET,BAKERY,Tuesday,0,0.12,37.6,0.38,125,90,35,72.0
2026-02-11,prov-1,HOTEL_BANQUET,DAIRY,Wednesday,0,0.11,35.0,0.01,123,96,27,78.0
2026-02-12,prov-1,HOTEL_BANQUET,SNACKS,Thursday,0,0.07,34.3,0.01,225,165,60,73.3
2026-02-13,prov-3,BAKERY,FRESH_PRODUCE,Friday,0,0.15,31.7,0.51,65,44,21,67.7
2026-02-14,prov-5,SUPERMARKET,MEALS,Saturday,1,0.07,35.2,0.67,141,121,20,85.8
2026-02-15,prov-3,BAKERY,MEALS,Sunday,1,0.13,37.0,0.83,81,72,9,88.9
2026-02-16,prov-3,BAKERY,FRESH_PRODUCE,Monday,0,0.14,33.2,0.03,77,65,12,84.4
2026-02-17,prov-4,VEG_RESTAURANT,DAIRY,Tuesday,0,0.15,37.0,0.36,149,104,45,69.8
2026-02-18,prov-1,HOTEL_BANQUET,SNACKS,Wednesday,0,0.2,33.6,0.24,199,144,55,72.4
2026-02-19,prov-1,HOTEL_BANQUET,DAIRY,Thursday,0,0.18,29.6,0.38,130,108,22,83.1
2026-02-20,prov-1,HOTEL_BANQUET,SNACKS,Friday,0,0.08,28.3,0.63,206,155,51,75.2
2026-02-21,prov-5,SUPERMARKET,BAKERY,Saturday,1,0.09,33.1,0.9,91,81,10,89.0
2026-02-22,prov-5,SUPERMARKET,DAIRY,Sunday,1,0.11,34.7,0.53,135,99,36,73.3
2026-02-23,prov-3,BAKERY,DAIRY,Monday,0,0.17,37.1,0.03,113,88,25,77.9
2026-02-24,prov-3,BAKERY,SNACKS,Tuesday,0,0.11,34.5,0.28,46,34,12,73.9
2026-02-25,prov-1,HOTEL_BANQUET,BAKERY,Wednesday,0,0.2,32.6,0.14,94,65,29,69.1
2026-02-26,prov-3,BAKERY,FRESH_PRODUCE,Thursday,0,0.07,32.8,0.19,55,47,8,85.5
2026-02-27,prov-2,RESTAURANT,MEALS,Friday,0,0.17,35.6,0.43,123,89,34,72.4
2026-02-28,prov-1,HOTEL_BANQUET,FRESH_PRODUCE,Saturday,1,0.16,36.1,0.94,182,153,29,84.1
2026-03-01,prov-1,HOTEL_BANQUET,SNACKS,Sunday,1,0.16,34.0,0.39,224,177,47,79.0
2026-03-02,prov-2,RESTAURANT,MEALS,Monday,0,0.19,38.0,0.16,136,110,26,80.9
2026-03-03,prov-5,SUPERMARKET,DAIRY,Tuesday,0,0.17,33.2,0.4,154,108,46,70.1
2026-03-04,prov-2,RESTAURANT,BAKERY,Wednesday,0,0.12,28.0,0.04,139,107,32,77.0
2026-03-05,prov-4,VEG_RESTAURANT,SNACKS,Thursday,0,0.12,33.7,0.3,93,75,18,80.6
2026-03-06,prov-5,SUPERMARKET,DAIRY,Friday,0,0.19,36.4,0.13,129,92,37,71.3
2026-03-07,prov-1,HOTEL_BANQUET,DAIRY,Saturday,1,0.1,37.7,0.7,174,137,37,78.7
2026-03-08,prov-5,SUPERMARKET,FRESH_PRODUCE,Sunday,1,0.14,29.1,0.95,125,102,23,81.6
2026-03-09,prov-2,RESTAURANT,DAIRY,Monday,0,0.17,35.0,0.32,68,48,20,70.6
2026-03-10,prov-4,VEG_RESTAURANT,BAKERY,Tuesday,0,0.08,36.3,0.28,65,48,17,73.8
2026-03-11,prov-1,HOTEL_BANQUET,MEALS,Wednesday,0,0.17,29.8,0.24,104,74,30,71.2
2026-03-12,prov-5,SUPERMARKET,FRESH_PRODUCE,Thursday,0,0.13,29.7,0.01,78,60,18,76.9
2026-03-13,prov-4,VEG_RESTAURANT,SNACKS,Friday,0,0.07,37.7,0.41,154,129,25,83.8
2026-03-14,prov-3,BAKERY,BAKERY,Saturday,1,0.16,36.6,0.8,44,38,6,86.4
2026-03-15,prov-2,RESTAURANT,DAIRY,Sunday,1,0.07,34.0,0.88,73,53,20,72.6
2026-03-16,prov-4,VEG_RESTAURANT,MEALS,Monday,0,0.17,35.4,0.08,147,107,40,72.8
2026-03-17,prov-5,SUPERMARKET,FRESH_PRODUCE,Tuesday,0,0.2,29.6,0.15,122,85,37,69.7
2026-03-18,prov-2,RESTAURANT,MEALS,Wednesday,0,0.07,33.6,0.05,121,83,38,68.6
2026-03-19,prov-1,HOTEL_BANQUET,MEALS,Thursday,0,0.08,30.1,0.13,170,118,52,69.4
2026-03-20,prov-3,BAKERY,SNACKS,Friday,0,0.06,32.5,0.55,99,82,17,82.8
2026-03-21,prov-2,RESTAURANT,BAKERY,Saturday,1,0.11,36.8,0.58,119,102,17,85.7
2026-03-22,prov-2,RESTAURANT,BAKERY,Sunday,1,0.07,31.5,0.88,156,110,46,70.5
2026-03-23,prov-4,VEG_RESTAURANT,DAIRY,Monday,0,0.11,29.0,0.25,86,57,29,66.3
2026-03-24,prov-1,HOTEL_BANQUET,FRESH_PRODUCE,Tuesday,0,0.17,28.8,0.26,123,98,25,79.7
2026-03-25,prov-4,VEG_RESTAURANT,DAIRY,Wednesday,0,0.16,34.3,0.01,131,102,29,77.9
2026-03-26,prov-5,SUPERMARKET,FRESH_PRODUCE,Thursday,0,0.14,35.8,0.05,74,61,13,82.4
2026-03-27,prov-1,HOTEL_BANQUET,FRESH_PRODUCE,Friday,0,0.13,37.9,0.69,203,164,39,80.8
2026-03-28,prov-5,SUPERMARKET,FRESH_PRODUCE,Saturday,1,0.1,36.0,0.28,93,64,29,68.8
2026-03-29,prov-5,SUPERMARKET,FRESH_PRODUCE,Sunday,1,0.15,28.0,0.67,109,85,24,78.0
2026-03-30,prov-3,BAKERY,SNACKS,Monday,0,0.07,35.8,0.17,65,48,17,73.8
2026-03-31,prov-1,HOTEL_BANQUET,SNACKS,Tuesday,0,0.2,33.1,0.26,91,68,23,74.7
2026-04-01,prov-2,RESTAURANT,FRESH_PRODUCE,Wednesday,0,0.12,33.0,0.02,99,68,31,68.7
2026-04-02,prov-2,RESTAURANT,FRESH_PRODUCE,Thursday,0,0.19,37.8,0.28,130,96,34,73.8
2026-04-03,prov-5,SUPERMARKET,BAKERY,Friday,0,0.16,33.4,0.81,116,92,24,79.3
2026-04-04,prov-3,BAKERY,DAIRY,Saturday,1,0.06,37.2,0.82,45,40,5,88.9
2026-04-05,prov-1,HOTEL_BANQUET,FRESH_PRODUCE,Sunday,1,0.15,37.0,0.64,195,143,52,73.3
2026-04-06,prov-1,HOTEL_BANQUET,FRESH_PRODUCE,Monday,0,0.16,29.0,0.01,81,54,27,66.7
2026-04-07,prov-5,SUPERMARKET,FRESH_PRODUCE,Tuesday,0,0.07,36.8,0.07,94,67,27,71.3
2026-04-08,prov-3,BAKERY,DAIRY,Wednesday,0,0.1,36.5,0.16,71,51,20,71.8
2026-04-09,prov-3,BAKERY,BAKERY,Thursday,0,0.08,36.2,0.2,110,86,24,78.2
2026-04-10,prov-4,VEG_RESTAURANT,DAIRY,Friday,0,0.08,38.0,0.67,54,44,10,81.5
2026-04-11,prov-5,SUPERMARKET,DAIRY,Saturday,1,0.17,35.5,0.91,145,102,43,70.3
2026-04-12,prov-1,HOTEL_BANQUET,SNACKS,Sunday,1,0.08,35.6,0.77,225,186,39,82.7
2026-04-13,prov-4,VEG_RESTAURANT,SNACKS,Monday,0,0.11,28.3,0.13,141,117,24,83.0
2026-04-14,prov-2,RESTAURANT,SNACKS,Tuesday,0,0.14,35.3,0.3,143,114,29,79.7
2026-04-15,prov-5,SUPERMARKET,FRESH_PRODUCE,Wednesday,0,0.09,36.8,0.31,138,105,33,76.1
2026-04-16,prov-2,RESTAURANT,DAIRY,Thursday,0,0.1,33.5,0.22,96,66,30,68.8
2026-04-17,prov-1,HOTEL_BANQUET,SNACKS,Friday,0,0.09,37.4,0.72,165,109,56,66.1
2026-04-18,prov-2,RESTAURANT,MEALS,Saturday,1,0.16,31.1,0.94,108,76,32,70.4
2026-04-19,prov-3,BAKERY,SNACKS,Sunday,1,0.17,31.7,0.48,94,79,15,84.0
2026-04-20,prov-3,BAKERY,MEALS,Monday,0,0.1,31.9,0.18,114,75,39,65.8
2026-04-21,prov-4,VEG_RESTAURANT,SNACKS,Tuesday,0,0.18,36.5,0.3,51,42,9,82.4
2026-04-22,prov-3,BAKERY,FRESH_PRODUCE,Wednesday,0,0.16,34.2,0.06,69,57,12,82.6
2026-04-23,prov-5,SUPERMARKET,FRESH_PRODUCE,Thursday,0,0.08,30.1,0.23,157,116,41,73.9
2026-04-24,prov-4,VEG_RESTAURANT,FRESH_PRODUCE,Friday,0,0.11,30.9,0.48,51,39,12,76.5
2026-04-25,prov-3,BAKERY,BAKERY,Saturday,1,0.05,29.0,0.24,99,82,17,82.8
2026-04-26,prov-4,VEG_RESTAURANT,BAKERY,Sunday,1,0.17,36.1,0.27,102,90,12,88.2
2026-04-27,prov-1,HOTEL_BANQUET,FRESH_PRODUCE,Monday,0,0.06,28.9,0.29,156,116,40,74.4
2026-04-28,prov-1,HOTEL_BANQUET,FRESH_PRODUCE,Tuesday,0,0.14,31.0,0.1,154,124,30,80.5
2026-04-29,prov-1,HOTEL_BANQUET,FRESH_PRODUCE,Wednesday,0,0.08,36.2,0.28,129,101,28,78.3
2026-04-30,prov-1,HOTEL_BANQUET,SNACKS,Thursday,0,0.08,35.3,0.39,118,80,38,67.8
2026-05-01,prov-2,RESTAURANT,BAKERY,Friday,0,0.08,30.4,0.26,87,73,14,83.9
2026-05-02,prov-2,RESTAURANT,BAKERY,Saturday,1,0.18,34.6,0.79,127,100,27,78.7
2026-05-03,prov-5,SUPERMARKET,DAIRY,Sunday,1,0.18,31.2,0.15,102,80,22,78.4
2026-05-04,prov-5,SUPERMARKET,SNACKS,Monday,0,0.07,32.5,0.21,159,125,34,78.6
2026-05-05,prov-4,VEG_RESTAURANT,MEALS,Tuesday,0,0.11,35.0,0.34,148,112,36,75.7
2026-05-06,prov-2,RESTAURANT,FRESH_PRODUCE,Wednesday,0,0.15,35.0,0.02,88,70,18,79.5
2026-05-07,prov-2,RESTAURANT,DAIRY,Thursday,0,0.09,31.5,0.12,118,90,28,76.3
2026-05-08,prov-1,HOTEL_BANQUET,MEALS,Friday,0,0.06,31.1,0.95,165,132,33,80.0
2026-05-09,prov-5,SUPERMARKET,FRESH_PRODUCE,Saturday,1,0.06,31.6,0.95,129,96,33,74.4
2026-05-10,prov-3,BAKERY,FRESH_PRODUCE,Sunday,1,0.17,35.1,0.7,45,38,7,84.4
2026-05-11,prov-4,VEG_RESTAURANT,BAKERY,Monday,0,0.19,36.8,0.35,58,47,11,81.0
2026-05-12,prov-4,VEG_RESTAURANT,FRESH_PRODUCE,Tuesday,0,0.06,34.8,0.02,123,85,38,69.1
2026-05-13,prov-4,VEG_RESTAURANT,SNACKS,Wednesday,0,0.17,35.7,0.35,151,106,45,70.2
2026-05-14,prov-4,VEG_RESTAURANT,DAIRY,Thursday,0,0.17,34.0,0.07,60,45,15,75.0
2026-05-15,prov-2,RESTAURANT,DAIRY,Friday,0,0.17,32.4,0.94,57,45,12,78.9
2026-05-16,prov-2,RESTAURANT,BAKERY,Saturday,1,0.09,34.9,0.19,75,66,9,88.0
2026-05-17,prov-3,BAKERY,SNACKS,Sunday,1,0.18,29.5,0.62,67,54,13,80.6
2026-05-18,prov-3,BAKERY,MEALS,Monday,0,0.1,35.9,0.16,84,60,24,71.4
2026-05-19,prov-1,HOTEL_BANQUET,DAIRY,Tuesday,0,0.08,28.7,0.33,118,82,36,69.5
2026-05-20,prov-5,SUPERMARKET,DAIRY,Wednesday,0,0.19,37.5,0.16,116,95,21,81.9
2026-05-21,prov-3,BAKERY,MEALS,Thursday,0,0.19,29.2,0.14,89,60,29,67.4
2026-05-22,prov-4,VEG_RESTAURANT,DAIRY,Friday,0,0.17,37.1,0.54,57,45,12,78.9
2026-05-23,prov-3,BAKERY,DAIRY,Saturday,1,0.11,35.6,0.89,95,67,28,70.5
2026-05-24,prov-4,VEG_RESTAURANT,SNACKS,Sunday,1,0.17,35.7,0.39,104,80,24,76.9
2026-05-25,prov-5,SUPERMARKET,MEALS,Monday,0,0.06,35.8,0.35,101,87,14,86.1
2026-05-26,prov-5,SUPERMARKET,DAIRY,Tuesday,0,0.13,28.7,0.35,135,93,42,68.9
2026-05-27,prov-5,SUPERMARKET,BAKERY,Wednesday,0,0.19,31.0,0.22,60,45,15,75.0
2026-05-28,prov-1,HOTEL_BANQUET,SNACKS,Thursday,0,0.05,37.2,0.33,196,163,33,83.2
2026-05-29,prov-2,RESTAURANT,DAIRY,Friday,0,0.11,34.2,0.95,82,57,25,69.5
2026-05-30,prov-2,RESTAURANT,DAIRY,Saturday,1,0.13,29.7,0.69,67,50,17,74.6
2026-05-31,prov-1,HOTEL_BANQUET,MEALS,Sunday,1,0.11,34.1,0.74,90,79,11,87.8
2026-06-01,prov-5,SUPERMARKET,FRESH_PRODUCE,Monday,0,0.16,28.1,0.0,110,79,31,71.8
2026-06-02,prov-5,SUPERMARKET,FRESH_PRODUCE,Tuesday,0,0.19,35.4,0.18,94,70,24,74.5
2026-06-03,prov-1,HOTEL_BANQUET,MEALS,Wednesday,0,0.12,36.4,0.2,185,147,38,79.5
2026-06-04,prov-1,HOTEL_BANQUET,FRESH_PRODUCE,Thursday,0,0.16,34.4,0.38,121,96,25,79.3
2026-06-05,prov-5,SUPERMARKET,MEALS,Friday,0,0.08,32.1,0.54,109,75,34,68.8
2026-06-06,prov-2,RESTAURANT,BAKERY,Saturday,1,0.13,33.0,0.94,124,104,20,83.9
2026-06-07,prov-1,HOTEL_BANQUET,DAIRY,Sunday,1,0.14,36.4,0.14,241,194,47,80.5
2026-06-08,prov-2,RESTAURANT,MEALS,Monday,0,0.13,34.8,0.13,75,52,23,69.3
2026-06-09,prov-4,VEG_RESTAURANT,MEALS,Tuesday,0,0.12,33.6,0.04,112,77,35,68.8
2026-06-10,prov-5,SUPERMARKET,FRESH_PRODUCE,Wednesday,0,0.12,28.0,0.02,147,124,23,84.4
2026-06-11,prov-3,BAKERY,SNACKS,Thursday,0,0.14,29.5,0.16,87,72,15,82.8
2026-06-12,prov-4,VEG_RESTAURANT,BAKERY,Friday,0,0.14,34.4,0.48,156,129,27,82.7
2026-06-13,prov-5,SUPERMARKET,FRESH_PRODUCE,Saturday,1,0.18,33.7,0.54,75,65,10,86.7
2026-06-14,prov-1,HOTEL_BANQUET,DAIRY,Sunday,1,0.11,29.6,0.28,238,195,43,81.9
2026-06-15,prov-1,HOTEL_BANQUET,FRESH_PRODUCE,Monday,0,0.15,36.1,0.05,173,130,43,75.1
2026-06-16,prov-4,VEG_RESTAURANT,MEALS,Tuesday,0,0.19,37.3,0.09,80,59,21,73.8
2026-06-17,prov-2,RESTAURANT,DAIRY,Wednesday,0,0.16,29.8,0.02,78,59,19,75.6
2026-06-18,prov-3,BAKERY,BAKERY,Thursday,0,0.12,30.0,0.27,95,64,31,67.4
2026-06-19,prov-4,VEG_RESTAURANT,BAKERY,Friday,0,0.08,36.6,0.38,80,53,27,66.2
2026-06-20,prov-2,RESTAURANT,DAIRY,Saturday,1,0.19,34.0,0.58,148,101,47,68.2
2026-06-21,prov-1,HOTEL_BANQUET,FRESH_PRODUCE,Sunday,1,0.15,31.2,0.33,106,85,21,80.2
2026-06-22,prov-2,RESTAURANT,SNACKS,Monday,0,0.1,33.0,0.1,126,96,30,76.2
2026-06-23,prov-1,HOTEL_BANQUET,MEALS,Tuesday,0,0.15,33.7,0.01,195,142,53,72.8
2026-06-24,prov-2,RESTAURANT,DAIRY,Wednesday,0,0.1,29.2,0.15,61,41,20,67.2
2026-06-25,prov-2,RESTAURANT,FRESH_PRODUCE,Thursday,0,0.09,36.7,0.08,111,82,29,73.9
2026-06-26,prov-3,BAKERY,MEALS,Friday,0,0.19,34.3,0.46,45,35,10,77.8
2026-06-27,prov-3,BAKERY,SNACKS,Saturday,1,0.06,29.7,0.44,108,81,27,75.0
2026-06-28,prov-3,BAKERY,MEALS,Sunday,1,0.1,35.5,0.66,114,94,20,82.5
2026-06-29,prov-1,HOTEL_BANQUET,BAKERY,Monday,0,0.07,34.1,0.34,241,174,67,72.2
2026-01-01,prov-2,RESTAURANT,FRESH_PRODUCE,Thursday,0,0.12,37.9,0.17,129,98,31,76.0
2026-01-02,prov-4,VEG_RESTAURANT,SNACKS,Friday,0,0.05,32.2,0.22,56,41,15,73.2
2026-01-03,prov-3,BAKERY,MEALS,Saturday,1,0.1,35.0,0.18,99,78,21,78.8
2026-01-04,prov-3,BAKERY,DAIRY,Sunday,1,0.09,31.0,0.65,86,73,13,84.9
2026-01-05,prov-2,RESTAURANT,FRESH_PRODUCE,Monday,0,0.12,30.4,0.09,105,86,19,81.9
2026-01-06,prov-3,BAKERY,DAIRY,Tuesday,0,0.17,30.2,0.24,101,82,19,81.2
2026-01-07,prov-4,VEG_RESTAURANT,MEALS,Wednesday,0,0.15,29.8,0.13,93,74,19,79.6
2026-01-08,prov-1,HOTEL_BANQUET,DAIRY,Thursday,0,0.07,30.2,0.03,159,119,40,74.8
2026-01-09,prov-5,SUPERMARKET,BAKERY,Friday,0,0.17,34.5,0.52,132,105,27,79.5
2026-01-10,prov-2,RESTAURANT,FRESH_PRODUCE,Saturday,1,0.19,30.9,0.19,77,66,11,85.7
2026-01-11,prov-4,VEG_RESTAURANT,BAKERY,Sunday,1,0.06,29.2,0.62,158,141,17,89.2
2026-01-12,prov-5,SUPERMARKET,BAKERY,Monday,0,0.14,33.9,0.22,89,71,18,79.8
2026-01-13,prov-3,BAKERY,BAKERY,Tuesday,0,0.05,36.3,0.13,117,98,19,83.8
2026-01-14,prov-4,VEG_RESTAURANT,BAKERY,Wednesday,0,0.07,37.2,0.28,128,107,21,83.6
2026-01-15,prov-3,BAKERY,BAKERY,Thursday,0,0.05,31.9,0.12,60,45,15,75.0
2026-01-16,prov-5,SUPERMARKET,DAIRY,Friday,0,0.11,30.5,0.5,102,80,22,78.4
2026-01-17,prov-1,HOTEL_BANQUET,FRESH_PRODUCE,Saturday,1,0.12,29.1,0.65,203,153,50,75.4
2026-01-18,prov-5,SUPERMARKET,BAKERY,Sunday,1,0.15,31.5,0.68,92,70,22,76.1
2026-01-19,prov-1,HOTEL_BANQUET,DAIRY,Monday,0,0.11,29.4,0.12,208,145,63,69.7
2026-01-20,prov-5,SUPERMARKET,MEALS,Tuesday,0,0.13,29.9,0.01,59,48,11,81.4
2026-01-21,prov-3,BAKERY,MEALS,Wednesday,0,0.17,28.3,0.23,65,42,23,64.6
2026-01-22,prov-5,SUPERMARKET,SNACKS,Thursday,0,0.15,30.3,0.36,91,62,29,68.1
2026-01-23,prov-2,RESTAURANT,DAIRY,Friday,0,0.07,30.3,0.84,105,90,15,85.7
2026-01-24,prov-5,SUPERMARKET,DAIRY,Saturday,1,0.05,36.3,0.47,91,82,9,90.1
2026-01-25,prov-2,RESTAURANT,SNACKS,Sunday,1,0.18,28.4,0.11,61,49,12,80.3
2026-01-26,prov-2,RESTAURANT,SNACKS,Monday,0,0.07,31.1,0.06,136,97,39,71.3
2026-01-27,prov-4,VEG_RESTAURANT,SNACKS,Tuesday,0,0.09,30.8,0.4,69,46,23,66.7
2026-01-28,prov-4,VEG_RESTAURANT,BAKERY,Wednesday,0,0.17,37.8,0.01,87,66,21,75.9
2026-01-29,prov-2,RESTAURANT,MEALS,Thursday,0,0.11,35.3,0.02,149,119,30,79.9
2026-01-30,prov-3,BAKERY,DAIRY,Friday,0,0.11,30.1,0.34,119,100,19,84.0
2026-01-31,prov-3,BAKERY,MEALS,Saturday,1,0.08,34.8,0.24,82,69,13,84.1
2026-02-01,prov-4,VEG_RESTAURANT,MEALS,Sunday,1,0.19,30.3,0.77,76,59,17,77.6
2026-02-02,prov-3,BAKERY,MEALS,Monday,0,0.06,29.0,0.15,52,35,17,67.3
2026-02-03,prov-1,HOTEL_BANQUET,BAKERY,Tuesday,0,0.12,36.8,0.22,88,70,18,79.5
2026-02-04,prov-1,HOTEL_BANQUET,DAIRY,Wednesday,0,0.18,29.4,0.32,157,114,43,72.6
2026-02-05,prov-1,HOTEL_BANQUET,SNACKS,Thursday,0,0.14,28.1,0.25,243,185,58,76.1
2026-02-06,prov-2,RESTAURANT,BAKERY,Friday,0,0.1,28.9,0.73,160,112,48,70.0
2026-02-07,prov-5,SUPERMARKET,SNACKS,Saturday,1,0.19,36.1,0.81,69,59,10,85.5
2026-02-08,prov-3,BAKERY,MEALS,Sunday,1,0.14,32.3,0.74,65,51,14,78.5
2026-02-09,prov-1,HOTEL_BANQUET,BAKERY,Monday,0,0.2,33.0,0.03,237,159,78,67.1
2026-02-10,prov-5,SUPERMARKET,SNACKS,Tuesday,0,0.05,30.4,0.24,54,39,15,72.2
2026-02-11,prov-5,SUPERMARKET,SNACKS,Wednesday,0,0.13,36.5,0.32,135,101,34,74.8
2026-02-12,prov-2,RESTAURANT,DAIRY,Thursday,0,0.15,37.1,0.04,157,117,40,74.5
2026-02-13,prov-2,RESTAURANT,BAKERY,Friday,0,0.1,37.7,0.56,77,64,13,83.1
2026-02-14,prov-5,SUPERMARKET,MEALS,Saturday,1,0.11,30.4,0.21,55,47,8,85.5
2026-02-15,prov-1,HOTEL_BANQUET,SNACKS,Sunday,1,0.15,30.4,0.56,225,189,36,84.0
2026-02-16,prov-1,HOTEL_BANQUET,SNACKS,Monday,0,0.19,31.7,0.28,220,150,70,68.2
2026-02-17,prov-1,HOTEL_BANQUET,SNACKS,Tuesday,0,0.07,36.9,0.35,146,116,30,79.5
2026-02-18,prov-3,BAKERY,FRESH_PRODUCE,Wednesday,0,0.16,36.7,0.13,62,42,20,67.7
2026-02-19,prov-4,VEG_RESTAURANT,BAKERY,Thursday,0,0.18,30.8,0.02,143,116,27,81.1
2026-02-20,prov-3,BAKERY,MEALS,Friday,0,0.19,33.9,0.89,117,95,22,81.2
2026-02-21,prov-1,HOTEL_BANQUET,SNACKS,Saturday,1,0.17,37.1,0.47,177,131,46,74.0
2026-02-22,prov-2,RESTAURANT,BAKERY,Sunday,1,0.1,36.8,0.78,101,88,13,87.1
2026-02-23,prov-3,BAKERY,FRESH_PRODUCE,Monday,0,0.09,31.4,0.34,56,42,14,75.0
2026-02-24,prov-3,BAKERY,BAKERY,Tuesday,0,0.16,36.0,0.07,116,77,39,66.4
2026-02-25,prov-5,SUPERMARKET,DAIRY,Wednesday,0,0.14,34.4,0.2,159,110,49,69.2
2026-02-26,prov-1,HOTEL_BANQUET,BAKERY,Thursday,0,0.1,29.6,0.35,119,84,35,70.6
2026-02-27,prov-1,HOTEL_BANQUET,BAKERY,Friday,0,0.12,30.3,0.38,214,174,40,81.3
2026-02-28,prov-4,VEG_RESTAURANT,FRESH_PRODUCE,Saturday,1,0.12,33.2,0.66,154,108,46,70.1
2026-03-01,prov-1,HOTEL_BANQUET,MEALS,Sunday,1,0.13,35.2,0.75,89,75,14,84.3
2026-03-02,prov-5,SUPERMARKET,MEALS,Monday,0,0.17,35.4,0.12,135,108,27,80.0
2026-03-03,prov-5,SUPERMARKET,DAIRY,Tuesday,0,0.12,36.9,0.04,134,92,42,68.7
2026-03-04,prov-1,HOTEL_BANQUET,FRESH_PRODUCE,Wednesday,0,0.18,30.8,0.06,149,124,25,83.2
2026-03-05,prov-5,SUPERMARKET,FRESH_PRODUCE,Thursday,0,0.15,28.4,0.25,76,60,16,78.9
2026-03-06,prov-5,SUPERMARKET,FRESH_PRODUCE,Friday,0,0.16,34.2,0.47,54,43,11,79.6
2026-03-07,prov-5,SUPERMARKET,DAIRY,Saturday,1,0.1,32.1,0.41,51,44,7,86.3
2026-03-08,prov-3,BAKERY,DAIRY,Sunday,1,0.15,30.3,0.23,78,69,9,88.5
2026-03-09,prov-1,HOTEL_BANQUET,MEALS,Monday,0,0.18,30.3,0.21,177,122,55,68.9
2026-03-10,prov-5,SUPERMARKET,SNACKS,Tuesday,0,0.16,34.6,0.28,123,90,33,73.2
2026-03-11,prov-5,SUPERMARKET,SNACKS,Wednesday,0,0.1,29.2,0.1,98,67,31,68.4
2026-03-12,prov-5,SUPERMARKET,FRESH_PRODUCE,Thursday,0,0.1,35.3,0.17,143,116,27,81.1
2026-03-13,prov-2,RESTAURANT,DAIRY,Friday,0,0.07,37.7,0.34,65,55,10,84.6
2026-03-14,prov-2,RESTAURANT,FRESH_PRODUCE,Saturday,1,0.19,30.5,0.88,92,66,26,71.7
2026-03-15,prov-2,RESTAURANT,SNACKS,Sunday,1,0.08,29.5,0.8,120,94,26,78.3
2026-03-16,prov-3,BAKERY,SNACKS,Monday,0,0.17,28.3,0.35,80,65,15,81.2
2026-03-17,prov-4,VEG_RESTAURANT,BAKERY,Tuesday,0,0.08,37.4,0.21,96,68,28,70.8
2026-03-18,prov-2,RESTAURANT,FRESH_PRODUCE,Wednesday,0,0.09,34.8,0.27,56,44,12,78.6
2026-03-19,prov-4,VEG_RESTAURANT,FRESH_PRODUCE,Thursday,0,0.16,32.3,0.3,155,112,43,72.3
2026-03-20,prov-5,SUPERMARKET,MEALS,Friday,0,0.17,34.4,0.9,95,68,27,71.6
2026-03-21,prov-2,RESTAURANT,FRESH_PRODUCE,Saturday,1,0.08,30.9,0.91,103,93,10,90.3
2026-03-22,prov-2,RESTAURANT,MEALS,Sunday,1,0.09,31.2,0.5,159,141,18,88.7
2026-03-23,prov-3,BAKERY,MEALS,Monday,0,0.07,35.2,0.21,51,42,9,82.4
2026-03-24,prov-3,BAKERY,DAIRY,Tuesday,0,0.17,32.6,0.11,111,88,23,79.3
2026-03-25,prov-2,RESTAURANT,BAKERY,Wednesday,0,0.19,30.0,0.04,139,92,47,66.2
2026-03-26,prov-5,SUPERMARKET,DAIRY,Thursday,0,0.18,35.1,0.14,148,98,50,66.2
2026-03-27,prov-1,HOTEL_BANQUET,SNACKS,Friday,0,0.1,31.5,0.6,98,82,16,83.7
2026-03-28,prov-2,RESTAURANT,FRESH_PRODUCE,Saturday,1,0.12,31.3,0.4,155,134,21,86.5
2026-03-29,prov-3,BAKERY,DAIRY,Sunday,1,0.17,37.7,0.77,59,44,15,74.6
2026-03-30,prov-3,BAKERY,MEALS,Monday,0,0.17,34.5,0.3,68,55,13,80.9
2026-03-31,prov-1,HOTEL_BANQUET,SNACKS,Tuesday,0,0.17,37.2,0.33,149,114,35,76.5
2026-04-01,prov-3,BAKERY,SNACKS,Wednesday,0,0.09,33.3,0.39,114,80,34,70.2
2026-04-02,prov-1,HOTEL_BANQUET,SNACKS,Thursday,0,0.14,31.8,0.31,81,54,27,66.7
2026-04-03,prov-2,RESTAURANT,SNACKS,Friday,0,0.18,36.2,0.68,135,89,46,65.9
2026-04-04,prov-5,SUPERMARKET,DAIRY,Saturday,1,0.05,31.4,0.59,107,81,26,75.7
2026-04-05,prov-2,RESTAURANT,MEALS,Sunday,1,0.11,33.6,0.34,115,96,19,83.5
2026-04-06,prov-1,HOTEL_BANQUET,BAKERY,Monday,0,0.14,34.4,0.21,171,136,35,79.5
2026-04-07,prov-2,RESTAURANT,FRESH_PRODUCE,Tuesday,0,0.16,33.5,0.14,129,84,45,65.1
2026-04-08,prov-1,HOTEL_BANQUET,SNACKS,Wednesday,0,0.06,35.6,0.18,125,91,34,72.8
2026-04-09,prov-2,RESTAURANT,SNACKS,Thursday,0,0.12,36.5,0.04,80,57,23,71.2
2026-04-10,prov-5,SUPERMARKET,FRESH_PRODUCE,Friday,0,0.12,37.7,0.91,152,128,24,84.2
2026-04-11,prov-2,RESTAURANT,MEALS,Saturday,1,0.09,30.5,0.19,73,58,15,79.5
2026-04-12,prov-5,SUPERMARKET,FRESH_PRODUCE,Sunday,1,0.14,30.8,0.36,69,59,10,85.5
2026-04-13,prov-2,RESTAURANT,BAKERY,Monday,0,0.08,32.5,0.18,66,52,14,78.8
2026-04-14,prov-3,BAKERY,DAIRY,Tuesday,0,0.19,29.1,0.24,50,34,16,68.0
2026-04-15,prov-1,HOTEL_BANQUET,MEALS,Wednesday,0,0.08,32.9,0.2,248,180,68,72.6
2026-04-16,prov-4,VEG_RESTAURANT,MEALS,Thursday,0,0.1,29.7,0.27,84,69,15,82.1
2026-04-17,prov-1,HOTEL_BANQUET,BAKERY,Friday,0,0.05,37.8,0.6,233,162,71,69.5
2026-04-18,prov-3,BAKERY,SNACKS,Saturday,1,0.06,31.3,0.54,75,52,23,69.3
2026-04-19,prov-4,VEG_RESTAURANT,SNACKS,Sunday,1,0.08,31.2,0.25,143,124,19,86.7
2026-04-20,prov-2,RESTAURANT,MEALS,Monday,0,0.1,36.4,0.13,84,71,13,84.5
2026-04-21,prov-1,HOTEL_BANQUET,SNACKS,Tuesday,0,0.12,35.4,0.05,220,146,74,66.4
2026-04-22,prov-1,HOTEL_BANQUET,SNACKS,Wednesday,0,0.16,34.6,0.17,199,147,52,73.9
2026-04-23,prov-3,BAKERY,SNACKS,Thursday,0,0.17,37.9,0.35,107,72,35,67.3
2026-04-24,prov-3,BAKERY,BAKERY,Friday,0,0.18,29.1,0.23,85,70,15,82.4
2026-04-25,prov-4,VEG_RESTAURANT,DAIRY,Saturday,1,0.07,30.8,0.51,95,71,24,74.7
2026-04-26,prov-4,VEG_RESTAURANT,FRESH_PRODUCE,Sunday,1,0.16,29.6,0.85,114,83,31,72.8
2026-04-27,prov-5,SUPERMARKET,DAIRY,Monday,0,0.06,35.5,0.05,68,58,10,85.3
2026-04-28,prov-3,BAKERY,MEALS,Tuesday,0,0.18,30.6,0.23,107,69,38,64.5
2026-04-29,prov-5,SUPERMARKET,BAKERY,Wednesday,0,0.13,34.2,0.35,150,126,24,84.0
2026-04-30,prov-4,VEG_RESTAURANT,FRESH_PRODUCE,Thursday,0,0.07,34.5,0.31,150,128,22,85.3
2026-05-01,prov-4,VEG_RESTAURANT,BAKERY,Friday,0,0.11,29.3,0.49,126,96,30,76.2
2026-05-02,prov-2,RESTAURANT,FRESH_PRODUCE,Saturday,1,0.11,29.8,0.76,104,83,21,79.8
2026-05-03,prov-2,RESTAURANT,MEALS,Sunday,1,0.18,28.2,0.81,95,74,21,77.9
2026-05-04,prov-4,VEG_RESTAURANT,SNACKS,Monday,0,0.06,32.5,0.23,152,130,22,85.5
2026-05-05,prov-3,BAKERY,BAKERY,Tuesday,0,0.1,28.1,0.14,62,49,13,79.0
2026-05-06,prov-3,BAKERY,FRESH_PRODUCE,Wednesday,0,0.17,35.2,0.01,60,44,16,73.3
2026-05-07,prov-2,RESTAURANT,DAIRY,Thursday,0,0.09,33.7,0.4,76,57,19,75.0
2026-05-08,prov-1,HOTEL_BANQUET,SNACKS,Friday,0,0.07,31.2,0.53,234,180,54,76.9
2026-05-09,prov-1,HOTEL_BANQUET,BAKERY,Saturday,1,0.09,28.3,0.15,243,211,32,86.8
2026-05-10,prov-3,BAKERY,SNACKS,Sunday,1,0.06,28.5,0.26,49,39,10,79.6
2026-05-11,prov-3,BAKERY,MEALS,Monday,0,0.06,37.8,0.03,41,32,9,78.0
2026-05-12,prov-4,VEG_RESTAURANT,DAIRY,Tuesday,0,0.05,30.5,0.36,150,104,46,69.3
2026-05-13,prov-2,RESTAURANT,FRESH_PRODUCE,Wednesday,0,0.08,30.3,0.22,53,36,17,67.9
2026-05-14,prov-2,RESTAURANT,MEALS,Thursday,0,0.18,30.9,0.11,116,76,40,65.5
2026-05-15,prov-4,VEG_RESTAURANT,DAIRY,Friday,0,0.17,31.2,0.63,93,64,29,68.8
2026-05-16,prov-4,VEG_RESTAURANT,BAKERY,Saturday,1,0.17,35.2,0.36,94,69,25,73.4
2026-05-17,prov-4,VEG_RESTAURANT,FRESH_PRODUCE,Sunday,1,0.09,32.4,0.88,139,124,15,89.2
2026-05-18,prov-4,VEG_RESTAURANT,FRESH_PRODUCE,Monday,0,0.06,29.3,0.1,141,115,26,81.6
2026-05-19,prov-4,VEG_RESTAURANT,MEALS,Tuesday,0,0.18,35.6,0.13,57,47,10,82.5
2026-05-20,prov-3,BAKERY,FRESH_PRODUCE,Wednesday,0,0.19,33.6,0.09,97,78,19,80.4
2026-05-21,prov-2,RESTAURANT,DAIRY,Thursday,0,0.16,37.7,0.27,128,92,36,71.9
2026-05-22,prov-2,RESTAURANT,MEALS,Friday,0,0.08,28.2,0.43,111,83,28,74.8
2026-05-23,prov-3,BAKERY,BAKERY,Saturday,1,0.1,36.5,0.34,87,68,19,78.2
2026-05-24,prov-5,SUPERMARKET,BAKERY,Sunday,1,0.16,35.0,0.37,92,65,27,70.7
2026-05-25,prov-4,VEG_RESTAURANT,DAIRY,Monday,0,0.2,29.1,0.1,77,57,20,74.0
2026-05-26,prov-1,HOTEL_BANQUET,DAIRY,Tuesday,0,0.11,33.3,0.21,199,167,32,83.9
2026-05-27,prov-3,BAKERY,BAKERY,Wednesday,0,0.18,35.8,0.17,47,32,15,68.1
2026-05-28,prov-3,BAKERY,DAIRY,Thursday,0,0.18,31.3,0.06,53,42,11,79.2
2026-05-29,prov-1,HOTEL_BANQUET,SNACKS,Friday,0,0.13,34.7,0.25,196,153,43,78.1
2026-05-30,prov-4,VEG_RESTAURANT,BAKERY,Saturday,1,0.17,34.9,0.63,75,66,9,88.0
2026-05-31,prov-5,SUPERMARKET,DAIRY,Sunday,1,0.11,30.9,0.47,117,90,27,76.9
2026-06-01,prov-3,BAKERY,MEALS,Monday,0,0.08,34.1,0.29,79,63,16,79.7
2026-06-02,prov-3,BAKERY,BAKERY,Tuesday,0,0.12,32.5,0.2,114,87,27,76.3
2026-06-03,prov-2,RESTAURANT,SNACKS,Wednesday,0,0.08,30.3,0.11,107,82,25,76.6
2026-06-04,prov-4,VEG_RESTAURANT,MEALS,Thursday,0,0.11,37.2,0.4,107,80,27,74.8
2026-06-05,prov-5,SUPERMARKET,SNACKS,Friday,0,0.05,35.7,0.81,84,57,27,67.9
2026-06-06,prov-3,BAKERY,DAIRY,Saturday,1,0.06,33.5,0.17,73,58,15,79.5
2026-06-07,prov-1,HOTEL_BANQUET,DAIRY,Sunday,1,0.16,36.6,0.14,184,143,41,77.7
2026-06-08,prov-1,HOTEL_BANQUET,FRESH_PRODUCE,Monday,0,0.11,32.5,0.28,228,167,61,73.2
2026-06-09,prov-5,SUPERMARKET,FRESH_PRODUCE,Tuesday,0,0.08,32.7,0.38,137,97,40,70.8
2026-06-10,prov-2,RESTAURANT,BAKERY,Wednesday,0,0.17,36.0,0.39,90,71,19,78.9
2026-06-11,prov-1,HOTEL_BANQUET,BAKERY,Thursday,0,0.14,37.3,0.0,169,139,30,82.2
2026-06-12,prov-5,SUPERMARKET,FRESH_PRODUCE,Friday,0,0.06,36.4,0.58,152,126,26,82.9
2026-06-13,prov-1,HOTEL_BANQUET,SNACKS,Saturday,1,0.13,37.4,0.17,205,145,60,70.7
2026-06-14,prov-2,RESTAURANT,DAIRY,Sunday,1,0.09,32.1,0.79,121,103,18,85.1
2026-06-15,prov-2,RESTAURANT,DAIRY,Monday,0,0.09,28.6,0.15,116,80,36,69.0
2026-06-16,prov-3,BAKERY,SNACKS,Tuesday,0,0.1,36.1,0.08,106,75,31,70.8
2026-06-17,prov-1,HOTEL_BANQUET,DAIRY,Wednesday,0,0.13,34.3,0.34,97,67,30,69.1
2026-06-18,prov-2,RESTAURANT,SNACKS,Thursday,0,0.16,29.4,0.02,130,87,43,66.9
2026-06-19,prov-3,BAKERY,BAKERY,Friday,0,0.18,33.6,0.47,108,76,32,70.4
2026-06-20,prov-5,SUPERMARKET,BAKERY,Saturday,1,0.19,33.7,0.31,76,54,22,71.1
2026-06-21,prov-1,HOTEL_BANQUET,MEALS,Sunday,1,0.1,35.2,0.7,204,156,48,76.5
2026-06-22,prov-4,VEG_RESTAURANT,SNACKS,Monday,0,0.12,29.5,0.29,85,66,19,77.6
2026-06-23,prov-4,VEG_RESTAURANT,MEALS,Tuesday,0,0.1,28.6,0.35,77,60,17,77.9
2026-06-24,prov-3,BAKERY,DAIRY,Wednesday,0,0.06,32.3,0.01,105,88,17,83.8
2026-06-25,prov-1,HOTEL_BANQUET,BAKERY,Thursday,0,0.13,34.4,0.29,215,179,36,83.3
2026-06-26,prov-2,RESTAURANT,SNACKS,Friday,0,0.13,31.6,0.62,62,41,21,66.1
2026-06-27,prov-3,BAKERY,SNACKS,Saturday,1,0.1,28.3,0.74,92,76,16,82.6
2026-06-28,prov-1,HOTEL_BANQUET,SNACKS,Sunday,1,0.1,29.3,0.25,186,144,42,77.4
2026-06-29,prov-1,HOTEL_BANQUET,DAIRY,Monday,0,0.06,36.0,0.1,184,155,29,84.2
2026-01-01,prov-2,RESTAURANT,DAIRY,Thursday,0,0.09,36.0,0.19,137,110,27,80.3
2026-01-02,prov-1,HOTEL_BANQUET,BAKERY,Friday,0,0.15,28.5,0.35,240,186,54,77.5
2026-01-03,prov-2,RESTAURANT,FRESH_PRODUCE,Saturday,1,0.11,36.8,0.6,78,62,16,79.5
2026-01-04,prov-1,HOTEL_BANQUET,BAKERY,Sunday,1,0.09,29.7,0.48,239,195,44,81.6
2026-01-05,prov-2,RESTAURANT,DAIRY,Monday,0,0.16,36.7,0.38,79,65,14,82.3
2026-01-06,prov-1,HOTEL_BANQUET,MEALS,Tuesday,0,0.2,29.0,0.19,199,138,61,69.3
2026-01-07,prov-5,SUPERMARKET,BAKERY,Wednesday,0,0.15,33.8,0.2,139,116,23,83.5
2026-01-08,prov-5,SUPERMARKET,SNACKS,Thursday,0,0.16,36.5,0.08,154,110,44,71.4
2026-01-09,prov-5,SUPERMARKET,SNACKS,Friday,0,0.09,33.8,0.77,83,63,20,75.9
2026-01-10,prov-3,BAKERY,MEALS,Saturday,1,0.09,28.1,0.2,49,42,7,85.7
2026-01-11,prov-1,HOTEL_BANQUET,FRESH_PRODUCE,Sunday,1,0.14,36.9,0.18,147,123,24,83.7
2026-01-12,prov-1,HOTEL_BANQUET,MEALS,Monday,0,0.17,35.3,0.33,170,130,40,76.5
2026-01-13,prov-5,SUPERMARKET,DAIRY,Tuesday,0,0.19,31.2,0.33,50,38,12,76.0
2026-01-14,prov-1,HOTEL_BANQUET,FRESH_PRODUCE,Wednesday,0,0.1,30.5,0.11,187,143,44,76.5
2026-01-15,prov-2,RESTAURANT,SNACKS,Thursday,0,0.14,29.2,0.07,128,85,43,66.4
2026-01-16,prov-5,SUPERMARKET,DAIRY,Friday,0,0.19,32.8,0.32,79,61,18,77.2
2026-01-17,prov-1,HOTEL_BANQUET,FRESH_PRODUCE,Saturday,1,0.11,29.5,0.62,126,101,25,80.2
2026-01-18,prov-2,RESTAURANT,BAKERY,Sunday,1,0.16,31.9,0.12,132,102,30,77.3
2026-01-19,prov-4,VEG_RESTAURANT,SNACKS,Monday,0,0.1,32.0,0.32,109,76,33,69.7
2026-01-20,prov-5,SUPERMARKET,SNACKS,Tuesday,0,0.17,34.0,0.21,153,119,34,77.8
2026-01-21,prov-5,SUPERMARKET,MEALS,Wednesday,0,0.13,33.2,0.2,103,84,19,81.6
2026-01-22,prov-2,RESTAURANT,SNACKS,Thursday,0,0.11,36.1,0.38,142,121,21,85.2
2026-01-23,prov-2,RESTAURANT,FRESH_PRODUCE,Friday,0,0.17,37.3,0.62,95,75,20,78.9
2026-01-24,prov-5,SUPERMARKET,MEALS,Saturday,1,0.14,34.3,0.84,124,97,27,78.2
2026-01-25,prov-5,SUPERMARKET,MEALS,Sunday,1,0.15,31.3,0.87,82,65,17,79.3
2026-01-26,prov-3,BAKERY,BAKERY,Monday,0,0.08,34.8,0.04,91,65,26,71.4
2026-01-27,prov-5,SUPERMARKET,DAIRY,Tuesday,0,0.09,29.4,0.15,157,126,31,80.3
2026-01-28,prov-1,HOTEL_BANQUET,SNACKS,Wednesday,0,0.14,29.0,0.39,157,126,31,80.3
2026-01-29,prov-5,SUPERMARKET,DAIRY,Thursday,0,0.1,34.9,0.16,111,81,30,73.0
2026-01-30,prov-5,SUPERMARKET,BAKERY,Friday,0,0.08,28.3,0.9,88,75,13,85.2
2026-01-31,prov-2,RESTAURANT,FRESH_PRODUCE,Saturday,1,0.09,32.3,0.72,130,102,28,78.5
2026-02-01,prov-2,RESTAURANT,DAIRY,Sunday,1,0.07,29.5,0.44,120,108,12,90.0
2026-02-02,prov-3,BAKERY,FRESH_PRODUCE,Monday,0,0.19,30.0,0.15,49,32,17,65.3
2026-02-03,prov-5,SUPERMARKET,MEALS,Tuesday,0,0.15,32.4,0.33,136,106,30,77.9
2026-02-04,prov-5,SUPERMARKET,DAIRY,Wednesday,0,0.17,28.8,0.01,103,70,33,68.0
2026-02-05,prov-4,VEG_RESTAURANT,BAKERY,Thursday,0,0.08,31.2,0.2,98,67,31,68.4
2026-02-06,prov-1,HOTEL_BANQUET,FRESH_PRODUCE,Friday,0,0.07,29.8,0.36,101,84,17,83.2
2026-02-07,prov-5,SUPERMARKET,DAIRY,Saturday,1,0.16,35.8,0.92,153,117,36,76.5
2026-02-08,prov-2,RESTAURANT,BAKERY,Sunday,1,0.05,31.6,0.74,132,100,32,75.8
2026-02-09,prov-3,BAKERY,MEALS,Monday,0,0.1,30.4,0.17,66,54,12,81.8
2026-02-10,prov-3,BAKERY,SNACKS,Tuesday,0,0.19,37.1,0.39,101,66,35,65.3
2026-02-11,prov-2,RESTAURANT,SNACKS,Wednesday,0,0.12,31.3,0.33,69,55,14,79.7
2026-02-12,prov-2,RESTAURANT,MEALS,Thursday,0,0.06,29.7,0.18,150,106,44,70.7
2026-02-13,prov-3,BAKERY,FRESH_PRODUCE,Friday,0,0.06,35.5,0.22,67,47,20,70.1
2026-02-14,prov-2,RESTAURANT,BAKERY,Saturday,1,0.18,34.5,0.19,69,56,13,81.2
2026-02-15,prov-4,VEG_RESTAURANT,DAIRY,Sunday,1,0.1,30.8,0.13,92,75,17,81.5
2026-02-16,prov-3,BAKERY,DAIRY,Monday,0,0.08,36.2,0.05,68,47,21,69.1
2026-02-17,prov-2,RESTAURANT,FRESH_PRODUCE,Tuesday,0,0.1,35.9,0.39,50,40,10,80.0
2026-02-18,prov-1,HOTEL_BANQUET,MEALS,Wednesday,0,0.17,34.6,0.13,116,81,35,69.8
2026-02-19,prov-3,BAKERY,BAKERY,Thursday,0,0.05,34.3,0.35,105,78,27,74.3
2026-02-20,prov-5,SUPERMARKET,FRESH_PRODUCE,Friday,0,0.09,31.1,0.23,124,96,28,77.4
2026-02-21,prov-5,SUPERMARKET,FRESH_PRODUCE,Saturday,1,0.2,32.6,0.49,54,38,16,70.4
2026-02-22,prov-3,BAKERY,SNACKS,Sunday,1,0.18,30.5,0.45,84,73,11,86.9
2026-02-23,prov-3,BAKERY,SNACKS,Monday,0,0.16,36.7,0.04,119,85,34,71.4
2026-02-24,prov-1,HOTEL_BANQUET,BAKERY,Tuesday,0,0.2,35.0,0.19,85,57,28,67.1
2026-02-25,prov-2,RESTAURANT,MEALS,Wednesday,0,0.06,31.9,0.25,160,124,36,77.5
2026-02-26,prov-3,BAKERY,DAIRY,Thursday,0,0.12,34.7,0.12,120,86,34,71.7
2026-02-27,prov-2,RESTAURANT,FRESH_PRODUCE,Friday,0,0.2,30.5,0.66,134,102,32,76.1
2026-02-28,prov-2,RESTAURANT,DAIRY,Saturday,1,0.18,35.9,0.35,67,57,10,85.1
2026-03-01,prov-3,BAKERY,BAKERY,Sunday,1,0.13,28.8,0.88,47,41,6,87.2
2026-03-02,prov-3,BAKERY,SNACKS,Monday,0,0.05,37.5,0.08,89,71,18,79.8
2026-03-03,prov-1,HOTEL_BANQUET,SNACKS,Tuesday,0,0.05,36.5,0.35,126,99,27,78.6
2026-03-04,prov-3,BAKERY,MEALS,Wednesday,0,0.09,37.9,0.06,65,47,18,72.3
2026-03-05,prov-5,SUPERMARKET,FRESH_PRODUCE,Thursday,0,0.09,31.4,0.36,115,86,29,74.8
2026-03-06,prov-3,BAKERY,SNACKS,Friday,0,0.11,34.7,0.4,60,50,10,83.3
2026-03-07,prov-1,HOTEL_BANQUET,SNACKS,Saturday,1,0.06,29.6,0.31,241,219,22,90.9
2026-03-08,prov-1,HOTEL_BANQUET,SNACKS,Sunday,1,0.19,28.5,0.71,134,116,18,86.6
2026-03-09,prov-5,SUPERMARKET,DAIRY,Monday,0,0.05,29.0,0.12,61,43,18,70.5
2026-03-10,prov-5,SUPERMARKET,MEALS,Tuesday,0,0.12,29.8,0.24,102,75,27,73.5
2026-03-11,prov-3,BAKERY,MEALS,Wednesday,0,0.09,28.1,0.29,85,66,19,77.6
2026-03-12,prov-4,VEG_RESTAURANT,FRESH_PRODUCE,Thursday,0,0.13,30.7,0.03,158,133,25,84.2
2026-03-13,prov-3,BAKERY,MEALS,Friday,0,0.12,28.5,0.61,69,56,13,81.2
2026-03-14,prov-3,BAKERY,BAKERY,Saturday,1,0.17,28.4,0.92,75,62,13,82.7
2026-03-15,prov-5,SUPERMARKET,BAKERY,Sunday,1,0.12,33.9,0.5,144,104,40,72.2
2026-03-16,prov-1,HOTEL_BANQUET,MEALS,Monday,0,0.16,34.2,0.28,221,147,74,66.5
2026-03-17,prov-1,HOTEL_BANQUET,SNACKS,Tuesday,0,0.12,29.0,0.07,156,112,44,71.8
2026-03-18,prov-3,BAKERY,DAIRY,Wednesday,0,0.1,35.4,0.1,42,30,12,71.4
2026-03-19,prov-3,BAKERY,SNACKS,Thursday,0,0.16,31.1,0.15,94,72,22,76.6
2026-03-20,prov-2,RESTAURANT,DAIRY,Friday,0,0.11,31.6,0.67,79,66,13,83.5
2026-03-21,prov-4,VEG_RESTAURANT,DAIRY,Saturday,1,0.06,29.2,0.3,150,127,23,84.7
2026-03-22,prov-4,VEG_RESTAURANT,BAKERY,Sunday,1,0.14,30.5,0.94,115,93,22,80.9
2026-03-23,prov-3,BAKERY,FRESH_PRODUCE,Monday,0,0.14,30.1,0.24,71,48,23,67.6
2026-03-24,prov-4,VEG_RESTAURANT,MEALS,Tuesday,0,0.16,33.3,0.21,132,91,41,68.9
2026-03-25,prov-1,HOTEL_BANQUET,SNACKS,Wednesday,0,0.18,30.4,0.29,148,116,32,78.4
2026-03-26,prov-3,BAKERY,DAIRY,Thursday,0,0.19,34.9,0.32,53,42,11,79.2
2026-03-27,prov-1,HOTEL_BANQUET,BAKERY,Friday,0,0.11,28.6,0.61,97,69,28,71.1
2026-03-28,prov-5,SUPERMARKET,MEALS,Saturday,1,0.14,32.6,0.25,50,40,10,80.0
2026-03-29,prov-3,BAKERY,SNACKS,Sunday,1,0.1,31.4,0.22,87,64,23,73.6
2026-03-30,prov-3,BAKERY,DAIRY,Monday,0,0.1,35.9,0.14,56,44,12,78.6
2026-03-31,prov-2,RESTAURANT,DAIRY,Tuesday,0,0.13,31.0,0.06,90,66,24,73.3
2026-04-01,prov-3,BAKERY,MEALS,Wednesday,0,0.06,36.2,0.12,117,98,19,83.8
2026-04-02,prov-1,HOTEL_BANQUET,FRESH_PRODUCE,Thursday,0,0.07,31.5,0.02,100,78,22,78.0
2026-04-03,prov-3,BAKERY,BAKERY,Friday,0,0.13,34.9,0.68,40,28,12,70.0
2026-04-04,prov-4,VEG_RESTAURANT,SNACKS,Saturday,1,0.12,36.1,0.31,73,58,15,79.5
2026-04-05,prov-4,VEG_RESTAURANT,MEALS,Sunday,1,0.15,30.5,0.7,119,94,25,79.0
2026-04-06,prov-1,HOTEL_BANQUET,BAKERY,Monday,0,0.08,37.4,0.21,193,131,62,67.9
2026-04-07,prov-3,BAKERY,SNACKS,Tuesday,0,0.06,33.7,0.21,51,38,13,74.5
2026-04-08,prov-5,SUPERMARKET,DAIRY,Wednesday,0,0.12,31.8,0.37,75,56,19,74.7
2026-04-09,prov-1,HOTEL_BANQUET,SNACKS,Thursday,0,0.2,30.0,0.25,243,167,76,68.7
2026-04-10,prov-3,BAKERY,BAKERY,Friday,0,0.06,31.2,0.72,119,95,24,79.8
2026-04-11,prov-4,VEG_RESTAURANT,MEALS,Saturday,1,0.11,32.2,0.61,142,111,31,78.2
2026-04-12,prov-4,VEG_RESTAURANT,BAKERY,Sunday,1,0.08,28.7,0.29,95,68,27,71.6
2026-04-13,prov-5,SUPERMARKET,BAKERY,Monday,0,0.13,33.1,0.03,158,124,34,78.5
2026-04-14,prov-1,HOTEL_BANQUET,FRESH_PRODUCE,Tuesday,0,0.1,31.3,0.0,158,124,34,78.5
2026-04-15,prov-5,SUPERMARKET,MEALS,Wednesday,0,0.18,37.2,0.08,156,128,28,82.1
2026-04-16,prov-1,HOTEL_BANQUET,MEALS,Thursday,0,0.11,30.4,0.28,199,147,52,73.9
2026-04-17,prov-4,VEG_RESTAURANT,SNACKS,Friday,0,0.06,31.8,0.68,78,60,18,76.9
2026-04-18,prov-4,VEG_RESTAURANT,MEALS,Saturday,1,0.14,32.3,0.12,154,134,20,87.0
2026-04-19,prov-4,VEG_RESTAURANT,MEALS,Sunday,1,0.15,33.2,0.39,72,59,13,81.9
2026-04-20,prov-5,SUPERMARKET,FRESH_PRODUCE,Monday,0,0.17,28.1,0.4,145,116,29,80.0
2026-04-21,prov-2,RESTAURANT,FRESH_PRODUCE,Tuesday,0,0.13,36.5,0.11,94,67,27,71.3
2026-04-22,prov-3,BAKERY,DAIRY,Wednesday,0,0.09,31.3,0.18,41,32,9,78.0
2026-04-23,prov-3,BAKERY,SNACKS,Thursday,0,0.05,35.3,0.25,102,69,33,67.6
2026-04-24,prov-3,BAKERY,DAIRY,Friday,0,0.14,32.8,0.48,118,98,20,83.1
2026-04-25,prov-2,RESTAURANT,BAKERY,Saturday,1,0.13,30.9,0.5,56,45,11,80.4
2026-04-26,prov-2,RESTAURANT,SNACKS,Sunday,1,0.12,31.2,0.34,135,96,39,71.1
2026-04-27,prov-5,SUPERMARKET,SNACKS,Monday,0,0.05,31.8,0.3,88,70,18,79.5
2026-04-28,prov-5,SUPERMARKET,MEALS,Tuesday,0,0.09,33.1,0.04,115,78,37,67.8
2026-04-29,prov-2,RESTAURANT,BAKERY,Wednesday,0,0.18,36.8,0.07,143,93,50,65.0
2026-04-30,prov-1,HOTEL_BANQUET,MEALS,Thursday,0,0.19,33.1,0.04,110,82,28,74.5
2026-05-01,prov-4,VEG_RESTAURANT,FRESH_PRODUCE,Friday,0,0.16,32.3,0.28,109,83,26,76.1
2026-05-02,prov-5,SUPERMARKET,MEALS,Saturday,1,0.11,34.0,0.68,149,119,30,79.9
2026-05-03,prov-3,BAKERY,FRESH_PRODUCE,Sunday,1,0.15,30.0,0.5,44,35,9,79.5
2026-05-04,prov-4,VEG_RESTAURANT,SNACKS,Monday,0,0.08,33.2,0.29,119,88,31,73.9
2026-05-05,prov-3,BAKERY,FRESH_PRODUCE,Tuesday,0,0.19,29.3,0.23,53,38,15,71.7
2026-05-06,prov-3,BAKERY,MEALS,Wednesday,0,0.06,38.0,0.33,96,71,25,74.0
2026-05-07,prov-3,BAKERY,MEALS,Thursday,0,0.05,36.1,0.29,86,74,12,86.0
2026-05-08,prov-5,SUPERMARKET,MEALS,Friday,0,0.05,29.8,0.66,141,121,20,85.8
2026-05-09,prov-2,RESTAURANT,MEALS,Saturday,1,0.08,31.1,0.18,152,118,34,77.6
2026-05-10,prov-1,HOTEL_BANQUET,BAKERY,Sunday,1,0.18,32.0,0.84,208,178,30,85.6
2026-05-11,prov-1,HOTEL_BANQUET,BAKERY,Monday,0,0.07,28.0,0.3,80,60,20,75.0
2026-05-12,prov-3,BAKERY,SNACKS,Tuesday,0,0.06,32.2,0.02,88,68,20,77.3
2026-05-13,prov-3,BAKERY,SNACKS,Wednesday,0,0.14,31.8,0.13,71,46,25,64.8
2026-05-14,prov-1,HOTEL_BANQUET,MEALS,Thursday,0,0.14,37.4,0.02,237,181,56,76.4
2026-05-15,prov-2,RESTAURANT,BAKERY,Friday,0,0.13,32.8,0.47,54,45,9,83.3
2026-05-16,prov-4,VEG_RESTAURANT,FRESH_PRODUCE,Saturday,1,0.1,30.5,0.33,118,102,16,86.4
2026-05-17,prov-1,HOTEL_BANQUET,FRESH_PRODUCE,Sunday,1,0.14,36.8,0.58,87,65,22,74.7
2026-05-18,prov-2,RESTAURANT,SNACKS,Monday,0,0.06,35.3,0.13,86,73,13,84.9
2026-05-19,prov-3,BAKERY,SNACKS,Tuesday,0,0.09,35.7,0.16,120,91,29,75.8
2026-05-20,prov-4,VEG_RESTAURANT,SNACKS,Wednesday,0,0.12,29.8,0.24,99,80,19,80.8
2026-05-21,prov-1,HOTEL_BANQUET,SNACKS,Thursday,0,0.17,33.4,0.34,130,89,41,68.5
2026-05-22,prov-5,SUPERMARKET,BAKERY,Friday,0,0.12,36.3,0.26,123,90,33,73.2
2026-05-23,prov-1,HOTEL_BANQUET,DAIRY,Saturday,1,0.08,35.7,0.76,235,204,31,86.8
2026-05-24,prov-4,VEG_RESTAURANT,DAIRY,Sunday,1,0.16,31.6,0.35,113,93,20,82.3
2026-05-25,prov-5,SUPERMARKET,DAIRY,Monday,0,0.07,37.9,0.06,153,125,28,81.7
2026-05-26,prov-2,RESTAURANT,MEALS,Tuesday,0,0.12,37.4,0.27,134,112,22,83.6
2026-05-27,prov-2,RESTAURANT,BAKERY,Wednesday,0,0.11,36.5,0.07,123,100,23,81.3
2026-05-28,prov-1,HOTEL_BANQUET,FRESH_PRODUCE,Thursday,0,0.15,30.2,0.1,219,183,36,83.6
2026-05-29,prov-3,BAKERY,SNACKS,Friday,0,0.12,33.0,0.2,77,52,25,67.5
2026-05-30,prov-1,HOTEL_BANQUET,DAIRY,Saturday,1,0.06,37.0,0.86,116,104,12,89.7
2026-05-31,prov-5,SUPERMARKET,BAKERY,Sunday,1,0.19,36.3,0.32,105,88,17,83.8
2026-06-01,prov-5,SUPERMARKET,FRESH_PRODUCE,Monday,0,0.19,28.3,0.24,160,132,28,82.5
2026-06-02,prov-3,BAKERY,DAIRY,Tuesday,0,0.2,30.9,0.09,108,75,33,69.4
2026-06-03,prov-2,RESTAURANT,DAIRY,Wednesday,0,0.15,28.6,0.07,154,124,30,80.5
2026-06-04,prov-4,VEG_RESTAURANT,FRESH_PRODUCE,Thursday,0,0.1,28.7,0.09,67,49,18,73.1
2026-06-05,prov-3,BAKERY,SNACKS,Friday,0,0.2,37.4,0.4,107,76,31,71.0
2026-06-06,prov-4,VEG_RESTAURANT,BAKERY,Saturday,1,0.17,33.8,0.31,53,37,16,69.8
2026-06-07,prov-3,BAKERY,FRESH_PRODUCE,Sunday,1,0.11,29.6,0.13,51,37,14,72.5
2026-06-08,prov-3,BAKERY,SNACKS,Monday,0,0.08,36.1,0.09,54,40,14,74.1
2026-06-09,prov-5,SUPERMARKET,DAIRY,Tuesday,0,0.14,30.6,0.24,102,73,29,71.6
2026-06-10,prov-1,HOTEL_BANQUET,DAIRY,Wednesday,0,0.16,34.0,0.12,116,81,35,69.8
2026-06-11,prov-4,VEG_RESTAURANT,BAKERY,Thursday,0,0.12,35.5,0.22,116,98,18,84.5
2026-06-12,prov-1,HOTEL_BANQUET,SNACKS,Friday,0,0.08,28.7,0.88,119,98,21,82.4
2026-06-13,prov-1,HOTEL_BANQUET,BAKERY,Saturday,1,0.09,35.3,0.75,159,123,36,77.4
2026-06-14,prov-1,HOTEL_BANQUET,SNACKS,Sunday,1,0.12,30.6,0.49,173,142,31,82.1
2026-06-15,prov-2,RESTAURANT,BAKERY,Monday,0,0.09,37.1,0.21,62,44,18,71.0
2026-06-16,prov-2,RESTAURANT,SNACKS,Tuesday,0,0.06,33.4,0.39,87,60,27,69.0
2026-06-17,prov-5,SUPERMARKET,DAIRY,Wednesday,0,0.2,28.2,0.26,68,49,19,72.1
2026-06-18,prov-4,VEG_RESTAURANT,SNACKS,Thursday,0,0.17,33.1,0.27,63,51,12,81.0
2026-06-19,prov-3,BAKERY,MEALS,Friday,0,0.06,31.0,0.89,90,61,29,67.8
2026-06-20,prov-3,BAKERY,SNACKS,Saturday,1,0.17,29.2,0.77,77,63,14,81.8
2026-06-21,prov-3,BAKERY,MEALS,Sunday,1,0.09,33.6,0.68,97,67,30,69.1
2026-06-22,prov-1,HOTEL_BANQUET,SNACKS,Monday,0,0.07,33.4,0.1,163,114,49,69.9
2026-06-23,prov-5,SUPERMARKET,SNACKS,Tuesday,0,0.1,36.4,0.03,123,105,18,85.4
2026-06-24,prov-2,RESTAURANT,DAIRY,Wednesday,0,0.19,30.8,0.36,68,47,21,69.1
2026-06-25,prov-2,RESTAURANT,MEALS,Thursday,0,0.09,37.0,0.38,106,72,34,67.9
2026-06-26,prov-3,BAKERY,BAKERY,Friday,0,0.08,34.9,0.29,56,45,11,80.4
2026-06-27,prov-5,SUPERMARKET,DAIRY,Saturday,1,0.06,32.9,0.29,78,57,21,73.1
2026-06-28,prov-4,VEG_RESTAURANT,MEALS,Sunday,1,0.07,38.0,0.13,148,112,36,75.7
2026-06-29,prov-1,HOTEL_BANQUET,FRESH_PRODUCE,Monday,0,0.13,28.7,0.14,149,101,48,67.8
2026-01-01,prov-5,SUPERMARKET,FRESH_PRODUCE,Thursday,0,0.08,31.8,0.34,91,74,17,81.3
2026-01-02,prov-4,VEG_RESTAURANT,MEALS,Friday,0,0.1,32.4,0.14,137,103,34,75.2
2026-01-03,prov-2,RESTAURANT,FRESH_PRODUCE,Saturday,1,0.13,36.8,0.56,58,51,7,87.9
2026-01-04,prov-4,VEG_RESTAURANT,FRESH_PRODUCE,Sunday,1,0.13,34.6,0.78,134,104,30,77.6
2026-01-05,prov-5,SUPERMARKET,FRESH_PRODUCE,Monday,0,0.17,36.4,0.0,137,108,29,78.8
2026-01-06,prov-2,RESTAURANT,FRESH_PRODUCE,Tuesday,0,0.12,33.7,0.26,90,75,15,83.3
2026-01-07,prov-5,SUPERMARKET,FRESH_PRODUCE,Wednesday,0,0.2,32.8,0.2,116,77,39,66.4
2026-01-08,prov-2,RESTAURANT,MEALS,Thursday,0,0.07,28.3,0.3,97,71,26,73.2
2026-01-09,prov-3,BAKERY,DAIRY,Friday,0,0.18,29.8,0.45,80,54,26,67.5
2026-01-10,prov-4,VEG_RESTAURANT,SNACKS,Saturday,1,0.19,34.0,0.85,61,49,12,80.3
2026-01-11,prov-2,RESTAURANT,MEALS,Sunday,1,0.15,34.4,0.37,81,62,19,76.5
2026-01-12,prov-1,HOTEL_BANQUET,BAKERY,Monday,0,0.2,37.1,0.02,221,178,43,80.5
2026-01-13,prov-4,VEG_RESTAURANT,BAKERY,Tuesday,0,0.11,35.2,0.28,149,127,22,85.2
2026-01-14,prov-4,VEG_RESTAURANT,MEALS,Wednesday,0,0.11,30.1,0.26,92,63,29,68.5
2026-01-15,prov-2,RESTAURANT,MEALS,Thursday,0,0.13,37.7,0.11,83,58,25,69.9
2026-01-16,prov-5,SUPERMARKET,DAIRY,Friday,0,0.14,37.2,0.45,72,50,22,69.4
2026-01-17,prov-3,BAKERY,DAIRY,Saturday,1,0.07,37.0,0.38,64,46,18,71.9
2026-01-18,prov-2,RESTAURANT,BAKERY,Sunday,1,0.17,32.3,0.47,53,40,13,75.5
2026-01-19,prov-2,RESTAURANT,MEALS,Monday,0,0.19,31.5,0.05,128,95,33,74.2
2026-01-20,prov-2,RESTAURANT,SNACKS,Tuesday,0,0.05,32.0,0.25,51,39,12,76.5
2026-01-21,prov-2,RESTAURANT,DAIRY,Wednesday,0,0.08,36.9,0.26,60,42,18,70.0
2026-01-22,prov-2,RESTAURANT,BAKERY,Thursday,0,0.2,32.1,0.03,105,86,19,81.9
2026-01-23,prov-2,RESTAURANT,MEALS,Friday,0,0.17,37.1,0.48,158,106,52,67.1
2026-01-24,prov-1,HOTEL_BANQUET,MEALS,Saturday,1,0.17,29.4,0.57,118,101,17,85.6
2026-01-25,prov-5,SUPERMARKET,SNACKS,Sunday,1,0.11,30.1,0.95,137,106,31,77.4
2026-01-26,prov-2,RESTAURANT,BAKERY,Monday,0,0.14,33.3,0.27,142,111,31,78.2
2026-01-27,prov-2,RESTAURANT,DAIRY,Tuesday,0,0.08,30.7,0.15,93,79,14,84.9
2026-01-28,prov-3,BAKERY,MEALS,Wednesday,0,0.15,34.6,0.21,116,97,19,83.6
2026-01-29,prov-1,HOTEL_BANQUET,SNACKS,Thursday,0,0.09,36.9,0.28,190,155,35,81.6
2026-01-30,prov-1,HOTEL_BANQUET,DAIRY,Friday,0,0.07,33.2,0.27,249,179,70,71.9
2026-01-31,prov-2,RESTAURANT,DAIRY,Saturday,1,0.1,29.9,0.36,139,98,41,70.5
2026-02-01,prov-2,RESTAURANT,DAIRY,Sunday,1,0.12,33.8,0.75,92,70,22,76.1
2026-02-02,prov-1,HOTEL_BANQUET,BAKERY,Monday,0,0.16,28.3,0.3,131,106,25,80.9
2026-02-03,prov-4,VEG_RESTAURANT,SNACKS,Tuesday,0,0.19,30.3,0.35,93,69,24,74.2
2026-02-04,prov-3,BAKERY,MEALS,Wednesday,0,0.11,28.4,0.22,72,56,16,77.8
2026-02-05,prov-2,RESTAURANT,BAKERY,Thursday,0,0.07,31.2,0.19,118,84,34,71.2
2026-02-06,prov-5,SUPERMARKET,BAKERY,Friday,0,0.16,36.3,0.7,103,81,22,78.6
2026-02-07,prov-3,BAKERY,MEALS,Saturday,1,0.13,34.6,0.66,111,97,14,87.4
2026-02-08,prov-3,BAKERY,DAIRY,Sunday,1,0.15,30.1,0.27,104,75,29,72.1
2026-02-09,prov-3,BAKERY,DAIRY,Monday,0,0.18,33.7,0.06,66,44,22,66.7
2026-02-10,prov-5,SUPERMARKET,BAKERY,Tuesday,0,0.06,28.9,0.27,74,55,19,74.3
2026-02-11,prov-3,BAKERY,BAKERY,Wednesday,0,0.08,35.9,0.15,110,75,35,68.2
2026-02-12,prov-3,BAKERY,FRESH_PRODUCE,Thursday,0,0.19,28.6,0.12,75,56,19,74.7
2026-02-13,prov-2,RESTAURANT,BAKERY,Friday,0,0.09,34.5,0.55,56,44,12,78.6
2026-02-14,prov-1,HOTEL_BANQUET,SNACKS,Saturday,1,0.09,34.4,0.86,119,91,28,76.5
2026-02-15,prov-4,VEG_RESTAURANT,DAIRY,Sunday,1,0.14,31.7,0.56,76,61,15,80.3
2026-02-16,prov-5,SUPERMARKET,BAKERY,Monday,0,0.13,34.6,0.38,132,105,27,79.5
2026-02-17,prov-2,RESTAURANT,FRESH_PRODUCE,Tuesday,0,0.16,31.9,0.38,65,53,12,81.5
2026-02-18,prov-4,VEG_RESTAURANT,SNACKS,Wednesday,0,0.15,34.1,0.07,55,36,19,65.5
2026-02-19,prov-2,RESTAURANT,DAIRY,Thursday,0,0.07,33.0,0.33,61,48,13,78.7
2026-02-20,prov-1,HOTEL_BANQUET,SNACKS,Friday,0,0.06,34.9,0.92,240,189,51,78.8
2026-02-21,prov-3,BAKERY,SNACKS,Saturday,1,0.05,35.8,0.47,103,85,18,82.5
2026-02-22,prov-2,RESTAURANT,BAKERY,Sunday,1,0.19,34.1,0.91,131,100,31,76.3
2026-02-23,prov-4,VEG_RESTAURANT,DAIRY,Monday,0,0.12,31.8,0.26,148,103,45,69.6
2026-02-24,prov-4,VEG_RESTAURANT,SNACKS,Tuesday,0,0.18,31.7,0.03,73,60,13,82.2
2026-02-25,prov-4,VEG_RESTAURANT,DAIRY,Wednesday,0,0.18,36.9,0.11,123,81,42,65.9
2026-02-26,prov-4,VEG_RESTAURANT,DAIRY,Thursday,0,0.09,32.9,0.37,102,79,23,77.5
2026-02-27,prov-3,BAKERY,FRESH_PRODUCE,Friday,0,0.14,32.0,0.74,93,68,25,73.1
2026-02-28,prov-2,RESTAURANT,BAKERY,Saturday,1,0.06,35.1,0.64,53,47,6,88.7
2026-03-01,prov-5,SUPERMARKET,FRESH_PRODUCE,Sunday,1,0.13,30.9,0.4,55,40,15,72.7
2026-03-02,prov-3,BAKERY,DAIRY,Monday,0,0.15,30.3,0.35,120,96,24,80.0
2026-03-03,prov-1,HOTEL_BANQUET,SNACKS,Tuesday,0,0.08,30.2,0.26,123,94,29,76.4
2026-03-04,prov-3,BAKERY,MEALS,Wednesday,0,0.13,33.1,0.22,45,31,14,68.9
2026-03-05,prov-1,HOTEL_BANQUET,FRESH_PRODUCE,Thursday,0,0.14,29.9,0.03,163,133,30,81.6
2026-03-06,prov-5,SUPERMARKET,MEALS,Friday,0,0.12,35.3,0.2,92,77,15,83.7
2026-03-07,prov-3,BAKERY,FRESH_PRODUCE,Saturday,1,0.19,29.0,0.18,50,35,15,70.0
2026-03-08,prov-4,VEG_RESTAURANT,SNACKS,Sunday,1,0.2,32.8,0.29,56,42,14,75.0
2026-03-09,prov-2,RESTAURANT,DAIRY,Monday,0,0.09,34.0,0.13,76,63,13,82.9
2026-03-10,prov-5,SUPERMARKET,BAKERY,Tuesday,0,0.18,35.4,0.25,89,70,19,78.7
2026-03-11,prov-5,SUPERMARKET,FRESH_PRODUCE,Wednesday,0,0.16,33.2,0.07,132,106,26,80.3
2026-03-12,prov-5,SUPERMARKET,SNACKS,Thursday,0,0.19,30.4,0.04,112,77,35,68.8
2026-03-13,prov-3,BAKERY,DAIRY,Friday,0,0.09,35.3,0.82,82,62,20,75.6
2026-03-14,prov-5,SUPERMARKET,DAIRY,Saturday,1,0.11,29.2,0.22,81,56,25,69.1
2026-03-15,prov-3,BAKERY,MEALS,Sunday,1,0.08,28.3,0.6,77,56,21,72.7
2026-03-16,prov-2,RESTAURANT,FRESH_PRODUCE,Monday,0,0.08,37.7,0.06,73,62,11,84.9
2026-03-17,prov-1,HOTEL_BANQUET,DAIRY,Tuesday,0,0.12,36.4,0.3,126,92,34,73.0
2026-03-18,prov-5,SUPERMARKET,SNACKS,Wednesday,0,0.05,32.3,0.17,110,77,33,70.0
2026-03-19,prov-4,VEG_RESTAURANT,DAIRY,Thursday,0,0.14,36.9,0.03,157,111,46,70.7
2026-03-20,prov-5,SUPERMARKET,DAIRY,Friday,0,0.13,36.0,0.85,83,66,17,79.5
2026-03-21,prov-5,SUPERMARKET,FRESH_PRODUCE,Saturday,1,0.06,32.1,0.67,133,105,28,78.9
2026-03-22,prov-4,VEG_RESTAURANT,DAIRY,Sunday,1,0.16,37.2,0.37,108,91,17,84.3
2026-03-23,prov-1,HOTEL_BANQUET,BAKERY,Monday,0,0.07,36.7,0.27,233,157,76,67.4
2026-03-24,prov-5,SUPERMARKET,SNACKS,Tuesday,0,0.1,28.5,0.16,65,47,18,72.3
2026-03-25,prov-2,RESTAURANT,SNACKS,Wednesday,0,0.06,30.7,0.3,151,128,23,84.8
2026-03-26,prov-4,VEG_RESTAURANT,MEALS,Thursday,0,0.1,34.7,0.18,136,102,34,75.0
2026-03-27,prov-3,BAKERY,FRESH_PRODUCE,Friday,0,0.15,36.7,0.58,70,48,22,68.6
2026-03-28,prov-3,BAKERY,SNACKS,Saturday,1,0.1,28.5,0.16,110,91,19,82.7
2026-03-29,prov-5,SUPERMARKET,MEALS,Sunday,1,0.16,28.6,0.58,110,93,17,84.5
2026-03-30,prov-4,VEG_RESTAURANT,MEALS,Monday,0,0.11,31.3,0.07,107,82,25,76.6
2026-03-31,prov-5,SUPERMARKET,BAKERY,Tuesday,0,0.12,29.5,0.21,72,56,16,77.8
2026-04-01,prov-1,HOTEL_BANQUET,SNACKS,Wednesday,0,0.16,37.0,0.19,93,71,22,76.3
2026-04-02,prov-1,HOTEL_BANQUET,BAKERY,Thursday,0,0.12,37.8,0.07,162,111,51,68.5
2026-04-03,prov-1,HOTEL_BANQUET,BAKERY,Friday,0,0.14,28.6,0.62,240,175,65,72.9
2026-04-04,prov-4,VEG_RESTAURANT,BAKERY,Saturday,1,0.17,30.8,0.2,91,79,12,86.8
2026-04-05,prov-1,HOTEL_BANQUET,MEALS,Sunday,1,0.15,29.6,0.51,109,81,28,74.3
2026-04-06,prov-1,HOTEL_BANQUET,MEALS,Monday,0,0.11,30.1,0.2,180,138,42,76.7
2026-04-07,prov-2,RESTAURANT,BAKERY,Tuesday,0,0.14,34.5,0.12,61,51,10,83.6
2026-04-08,prov-5,SUPERMARKET,DAIRY,Wednesday,0,0.11,29.4,0.38,145,122,23,84.1
2026-04-09,prov-4,VEG_RESTAURANT,BAKERY,Thursday,0,0.13,34.1,0.15,131,91,40,69.5
2026-04-10,prov-5,SUPERMARKET,FRESH_PRODUCE,Friday,0,0.09,33.6,0.83,106,70,36,66.0
2026-04-11,prov-1,HOTEL_BANQUET,DAIRY,Saturday,1,0.15,37.5,0.29,169,148,21,87.6
2026-04-12,prov-1,HOTEL_BANQUET,MEALS,Sunday,1,0.05,28.0,0.27,142,107,35,75.4
2026-04-13,prov-5,SUPERMARKET,SNACKS,Monday,0,0.17,28.4,0.08,148,116,32,78.4
2026-04-14,prov-1,HOTEL_BANQUET,FRESH_PRODUCE,Tuesday,0,0.12,36.7,0.05,139,93,46,66.9
2026-04-15,prov-5,SUPERMARKET,MEALS,Wednesday,0,0.11,29.0,0.12,119,89,30,74.8
2026-04-16,prov-5,SUPERMARKET,FRESH_PRODUCE,Thursday,0,0.11,37.4,0.37,151,107,44,70.9
2026-04-17,prov-4,VEG_RESTAURANT,BAKERY,Friday,0,0.08,29.8,0.38,142,112,30,78.9
2026-04-18,prov-4,VEG_RESTAURANT,SNACKS,Saturday,1,0.14,36.3,0.34,55,46,9,83.6
2026-04-19,prov-4,VEG_RESTAURANT,DAIRY,Sunday,1,0.06,34.4,0.22,95,77,18,81.1
2026-04-20,prov-3,BAKERY,SNACKS,Monday,0,0.19,35.6,0.01,118,87,31,73.7
2026-04-21,prov-5,SUPERMARKET,BAKERY,Tuesday,0,0.13,30.8,0.07,91,64,27,70.3
2026-04-22,prov-5,SUPERMARKET,DAIRY,Wednesday,0,0.16,37.4,0.33,85,58,27,68.2
2026-04-23,prov-4,VEG_RESTAURANT,FRESH_PRODUCE,Thursday,0,0.19,36.3,0.36,131,96,35,73.3
2026-04-24,prov-2,RESTAURANT,FRESH_PRODUCE,Friday,0,0.1,30.2,0.4,85,60,25,70.6
2026-04-25,prov-1,HOTEL_BANQUET,DAIRY,Saturday,1,0.17,37.4,0.85,195,166,29,85.1
2026-04-26,prov-3,BAKERY,DAIRY,Sunday,1,0.15,29.5,0.3,73,51,22,69.9
2026-04-27,prov-3,BAKERY,BAKERY,Monday,0,0.12,33.3,0.12,110,75,35,68.2
2026-04-28,prov-1,HOTEL_BANQUET,MEALS,Tuesday,0,0.19,36.0,0.02,188,149,39,79.3
2026-04-29,prov-3,BAKERY,BAKERY,Wednesday,0,0.13,28.8,0.26,42,33,9,78.6
2026-04-30,prov-2,RESTAURANT,FRESH_PRODUCE,Thursday,0,0.07,29.8,0.32,151,127,24,84.1
2026-05-01,prov-2,RESTAURANT,MEALS,Friday,0,0.06,36.8,0.2,94,64,30,68.1
2026-05-02,prov-5,SUPERMARKET,MEALS,Saturday,1,0.13,35.9,0.47,90,70,20,77.8
2026-05-03,prov-3,BAKERY,FRESH_PRODUCE,Sunday,1,0.11,35.5,0.5,50,44,6,88.0
2026-05-04,prov-1,HOTEL_BANQUET,BAKERY,Monday,0,0.14,35.2,0.06,94,79,15,84.0
2026-05-05,prov-1,HOTEL_BANQUET,DAIRY,Tuesday,0,0.11,37.1,0.34,181,142,39,78.5
2026-05-06,prov-3,BAKERY,SNACKS,Wednesday,0,0.15,36.5,0.17,70,55,15,78.6
2026-05-07,prov-1,HOTEL_BANQUET,DAIRY,Thursday,0,0.11,34.7,0.14,88,62,26,70.5
2026-05-08,prov-4,VEG_RESTAURANT,DAIRY,Friday,0,0.2,29.4,0.87,82,66,16,80.5
2026-05-09,prov-1,HOTEL_BANQUET,BAKERY,Saturday,1,0.1,31.3,0.76,144,116,28,80.6
2026-05-10,prov-1,HOTEL_BANQUET,SNACKS,Sunday,1,0.13,29.0,0.85,197,164,33,83.2
2026-05-11,prov-3,BAKERY,FRESH_PRODUCE,Monday,0,0.11,32.1,0.19,106,82,24,77.4
2026-05-12,prov-3,BAKERY,DAIRY,Tuesday,0,0.13,32.0,0.18,106,90,16,84.9
2026-05-13,prov-5,SUPERMARKET,MEALS,Wednesday,0,0.08,37.0,0.35,66,54,12,81.8
2026-05-14,prov-5,SUPERMARKET,MEALS,Thursday,0,0.18,36.0,0.34,139,99,40,71.2
2026-05-15,prov-5,SUPERMARKET,FRESH_PRODUCE,Friday,0,0.08,31.2,0.83,57,41,16,71.9
2026-05-16,prov-2,RESTAURANT,MEALS,Saturday,1,0.14,29.9,0.34,73,61,12,83.6
2026-05-17,prov-2,RESTAURANT,BAKERY,Sunday,1,0.16,33.7,0.11,108,84,24,77.8
2026-05-18,prov-5,SUPERMARKET,FRESH_PRODUCE,Monday,0,0.18,35.7,0.21,71,53,18,74.6
2026-05-19,prov-3,BAKERY,FRESH_PRODUCE,Tuesday,0,0.09,37.7,0.08,87,67,20,77.0
2026-05-20,prov-1,HOTEL_BANQUET,SNACKS,Wednesday,0,0.08,33.4,0.36,227,166,61,73.1
2026-05-21,prov-5,SUPERMARKET,BAKERY,Thursday,0,0.19,29.5,0.04,79,53,26,67.1
2026-05-22,prov-2,RESTAURANT,DAIRY,Friday,0,0.13,30.5,0.57,90,68,22,75.6
2026-05-23,prov-5,SUPERMARKET,DAIRY,Saturday,1,0.15,29.2,0.24,90,71,19,78.9
2026-05-24,prov-1,HOTEL_BANQUET,FRESH_PRODUCE,Sunday,1,0.11,30.2,0.36,198,141,57,71.2
2026-05-25,prov-2,RESTAURANT,SNACKS,Monday,0,0.15,28.8,0.07,74,55,19,74.3
2026-05-26,prov-2,RESTAURANT,BAKERY,Tuesday,0,0.09,31.7,0.35,92,74,18,80.4
2026-05-27,prov-3,BAKERY,MEALS,Wednesday,0,0.13,33.2,0.31,111,83,28,74.8
2026-05-28,prov-1,HOTEL_BANQUET,DAIRY,Thursday,0,0.06,29.3,0.37,170,142,28,83.5
2026-05-29,prov-4,VEG_RESTAURANT,MEALS,Friday,0,0.13,28.2,0.92,61,48,13,78.7
2026-05-30,prov-1,HOTEL_BANQUET,DAIRY,Saturday,1,0.11,28.3,0.6,145,115,30,79.3
2026-05-31,prov-2,RESTAURANT,BAKERY,Sunday,1,0.09,37.6,0.37,142,121,21,85.2
2026-06-01,prov-3,BAKERY,DAIRY,Monday,0,0.08,31.4,0.28,46,35,11,76.1
2026-06-02,prov-2,RESTAURANT,MEALS,Tuesday,0,0.1,30.3,0.19,61,42,19,68.9
2026-06-03,prov-3,BAKERY,MEALS,Wednesday,0,0.11,32.1,0.16,57,48,9,84.2
2026-06-04,prov-1,HOTEL_BANQUET,MEALS,Thursday,0,0.14,34.8,0.04,212,149,63,70.3
2026-06-05,prov-4,VEG_RESTAURANT,MEALS,Friday,0,0.08,34.5,0.24,54,45,9,83.3
2026-06-06,prov-1,HOTEL_BANQUET,SNACKS,Saturday,1,0.19,30.0,0.68,158,129,29,81.6
2026-06-07,prov-3,BAKERY,MEALS,Sunday,1,0.09,30.9,0.72,57,40,17,70.2
2026-06-08,prov-2,RESTAURANT,BAKERY,Monday,0,0.08,28.9,0.2,102,69,33,67.6
2026-06-09,prov-1,HOTEL_BANQUET,MEALS,Tuesday,0,0.07,32.0,0.16,167,111,56,66.5
2026-06-10,prov-4,VEG_RESTAURANT,MEALS,Wednesday,0,0.09,37.5,0.21,139,118,21,84.9
2026-06-11,prov-3,BAKERY,BAKERY,Thursday,0,0.16,28.6,0.03,69,48,21,69.6
2026-06-12,prov-2,RESTAURANT,BAKERY,Friday,0,0.1,30.2,0.85,117,91,26,77.8
2026-06-13,prov-3,BAKERY,MEALS,Saturday,1,0.1,37.4,0.92,67,55,12,82.1
2026-06-14,prov-4,VEG_RESTAURANT,MEALS,Sunday,1,0.13,33.7,0.89,147,127,20,86.4
2026-06-15,prov-1,HOTEL_BANQUET,FRESH_PRODUCE,Monday,0,0.13,34.6,0.31,225,162,63,72.0
2026-06-16,prov-2,RESTAURANT,DAIRY,Tuesday,0,0.2,34.4,0.39,149,108,41,72.5
2026-06-17,prov-5,SUPERMARKET,MEALS,Wednesday,0,0.19,32.8,0.21,82,62,20,75.6
2026-06-18,prov-2,RESTAURANT,MEALS,Thursday,0,0.18,32.1,0.03,105,76,29,72.4
2026-06-19,prov-2,RESTAURANT,MEALS,Friday,0,0.12,32.9,0.29,74,52,22,70.3
2026-06-20,prov-5,SUPERMARKET,DAIRY,Saturday,1,0.1,36.1,0.3,100,82,18,82.0
2026-06-21,prov-5,SUPERMARKET,DAIRY,Sunday,1,0.19,28.5,0.45,84,58,26,69.0
2026-06-22,prov-1,HOTEL_BANQUET,FRESH_PRODUCE,Monday,0,0.13,30.7,0.27,198,163,35,82.3
2026-06-23,prov-5,SUPERMARKET,MEALS,Tuesday,0,0.12,35.9,0.12,84,55,29,65.5
2026-06-24,prov-3,BAKERY,BAKERY,Wednesday,0,0.09,31.5,0.37,62,48,14,77.4
2026-06-25,prov-5,SUPERMARKET,SNACKS,Thursday,0,0.07,36.0,0.01,129,91,38,70.5
2026-06-26,prov-3,BAKERY,SNACKS,Friday,0,0.06,36.5,0.34,114,91,23,79.8
2026-06-27,prov-1,HOTEL_BANQUET,MEALS,Saturday,1,0.17,33.9,0.11,110,83,27,75.5
2026-06-28,prov-3,BAKERY,FRESH_PRODUCE,Sunday,1,0.16,37.3,0.56,69,57,12,82.6
2026-06-29,prov-3,BAKERY,FRESH_PRODUCE,Monday,0,0.13,34.0,0.25,91,72,19,79.1
2026-01-01,prov-5,SUPERMARKET,FRESH_PRODUCE,Thursday,0,0.06,30.9,0.22,160,112,48,70.0
2026-01-02,prov-3,BAKERY,SNACKS,Friday,0,0.14,31.1,0.79,47,39,8,83.0
2026-01-03,prov-3,BAKERY,MEALS,Saturday,1,0.17,31.6,0.68,66,49,17,74.2
2026-01-04,prov-5,SUPERMARKET,DAIRY,Sunday,1,0.12,33.3,0.17,55,39,16,70.9
2026-01-05,prov-1,HOTEL_BANQUET,DAIRY,Monday,0,0.18,28.4,0.12,120,82,38,68.3
2026-01-06,prov-4,VEG_RESTAURANT,MEALS,Tuesday,0,0.06,37.4,0.37,119,87,32,73.1
2026-01-07,prov-3,BAKERY,MEALS,Wednesday,0,0.19,33.3,0.25,79,61,18,77.2
2026-01-08,prov-1,HOTEL_BANQUET,BAKERY,Thursday,0,0.07,34.4,0.38,124,97,27,78.2
2026-01-09,prov-2,RESTAURANT,SNACKS,Friday,0,0.15,29.6,0.56,95,65,30,68.4
2026-01-10,prov-2,RESTAURANT,MEALS,Saturday,1,0.1,35.1,0.16,135,98,37,72.6
2026-01-11,prov-4,VEG_RESTAURANT,FRESH_PRODUCE,Sunday,1,0.12,29.9,0.52,153,112,41,73.2
2026-01-12,prov-2,RESTAURANT,FRESH_PRODUCE,Monday,0,0.06,34.1,0.21,62,45,17,72.6
2026-01-13,prov-2,RESTAURANT,FRESH_PRODUCE,Tuesday,0,0.11,31.1,0.02,85,72,13,84.7
2026-01-14,prov-4,VEG_RESTAURANT,SNACKS,Wednesday,0,0.07,29.0,0.27,63,51,12,81.0
2026-01-15,prov-1,HOTEL_BANQUET,MEALS,Thursday,0,0.1,35.0,0.15,131,103,28,78.6
2026-01-16,prov-3,BAKERY,SNACKS,Friday,0,0.07,34.9,0.94,71,60,11,84.5
2026-01-17,prov-2,RESTAURANT,MEALS,Saturday,1,0.17,34.0,0.88,112,90,22,80.4
2026-01-18,prov-1,HOTEL_BANQUET,FRESH_PRODUCE,Sunday,1,0.15,29.9,0.86,209,163,46,78.0
2026-01-19,prov-4,VEG_RESTAURANT,FRESH_PRODUCE,Monday,0,0.14,33.8,0.09,116,88,28,75.9
2026-01-20,prov-3,BAKERY,FRESH_PRODUCE,Tuesday,0,0.09,35.1,0.18,94,78,16,83.0
2026-01-21,prov-5,SUPERMARKET,FRESH_PRODUCE,Wednesday,0,0.16,28.4,0.29,116,84,32,72.4
2026-01-22,prov-5,SUPERMARKET,MEALS,Thursday,0,0.17,32.1,0.17,113,89,24,78.8
2026-01-23,prov-2,RESTAURANT,DAIRY,Friday,0,0.16,37.3,0.18,76,54,22,71.1
2026-01-24,prov-4,VEG_RESTAURANT,MEALS,Saturday,1,0.13,33.6,0.93,79,69,10,87.3
2026-01-25,prov-5,SUPERMARKET,FRESH_PRODUCE,Sunday,1,0.05,33.5,0.67,98,75,23,76.5
2026-01-26,prov-3,BAKERY,FRESH_PRODUCE,Monday,0,0.1,32.2,0.04,95,74,21,77.9
2026-01-27,prov-3,BAKERY,MEALS,Tuesday,0,0.1,35.5,0.27,85,57,28,67.1
2026-01-28,prov-3,BAKERY,BAKERY,Wednesday,0,0.16,35.5,0.26,49,35,14,71.4
2026-01-29,prov-3,BAKERY,DAIRY,Thursday,0,0.06,28.4,0.01,65,44,21,67.7
2026-01-30,prov-5,SUPERMARKET,BAKERY,Friday,0,0.19,35.7,0.83,61,41,20,67.2
2026-01-31,prov-3,BAKERY,SNACKS,Saturday,1,0.15,28.5,0.71,64,47,17,73.4
2026-02-01,prov-5,SUPERMARKET,SNACKS,Sunday,1,0.13,28.4,0.73,53,37,16,69.8
2026-02-02,prov-4,VEG_RESTAURANT,FRESH_PRODUCE,Monday,0,0.18,36.9,0.26,136,90,46,66.2
2026-02-03,prov-2,RESTAURANT,BAKERY,Tuesday,0,0.2,29.6,0.38,99,68,31,68.7
2026-02-04,prov-2,RESTAURANT,BAKERY,Wednesday,0,0.19,32.3,0.26,100,83,17,83.0
2026-02-05,prov-5,SUPERMARKET,SNACKS,Thursday,0,0.09,37.8,0.12,81,68,13,84.0
2026-02-06,prov-3,BAKERY,BAKERY,Friday,0,0.16,37.3,0.91,95,63,32,66.3
2026-02-07,prov-4,VEG_RESTAURANT,SNACKS,Saturday,1,0.18,31.9,0.36,106,86,20,81.1
2026-02-08,prov-3,BAKERY,DAIRY,Sunday,1,0.09,32.3,0.11,93,67,26,72.0
2026-02-09,prov-2,RESTAURANT,MEALS,Monday,0,0.09,36.2,0.25,76,54,22,71.1
2026-02-10,prov-2,RESTAURANT,SNACKS,Tuesday,0,0.17,30.9,0.16,63,46,17,73.0
2026-02-11,prov-4,VEG_RESTAURANT,MEALS,Wednesday,0,0.07,32.7,0.25,138,98,40,71.0
2026-02-12,prov-1,HOTEL_BANQUET,BAKERY,Thursday,0,0.06,29.7,0.39,87,63,24,72.4
2026-02-13,prov-2,RESTAURANT,SNACKS,Friday,0,0.17,28.6,0.13,158,132,26,83.5
2026-02-14,prov-1,HOTEL_BANQUET,BAKERY,Saturday,1,0.11,37.3,0.17,223,192,31,86.1
2026-02-15,prov-4,VEG_RESTAURANT,FRESH_PRODUCE,Sunday,1,0.12,33.0,0.44,118,98,20,83.1
2026-02-16,prov-4,VEG_RESTAURANT,FRESH_PRODUCE,Monday,0,0.14,33.0,0.36,141,103,38,73.0
2026-02-17,prov-5,SUPERMARKET,DAIRY,Tuesday,0,0.11,30.3,0.36,158,107,51,67.7
2026-02-18,prov-2,RESTAURANT,MEALS,Wednesday,0,0.11,36.0,0.17,87,73,14,83.9
2026-02-19,prov-3,BAKERY,SNACKS,Thursday,0,0.06,35.6,0.29,83,66,17,79.5
2026-02-20,prov-1,HOTEL_BANQUET,MEALS,Friday,0,0.15,34.3,0.95,122,90,32,73.8
2026-02-21,prov-4,VEG_RESTAURANT,SNACKS,Saturday,1,0.06,37.4,0.12,106,77,29,72.6
2026-02-22,prov-1,HOTEL_BANQUET,DAIRY,Sunday,1,0.12,33.2,0.85,148,121,27,81.8
2026-02-23,prov-2,RESTAURANT,FRESH_PRODUCE,Monday,0,0.1,33.9,0.14,58,48,10,82.8
2026-02-24,prov-2,RESTAURANT,DAIRY,Tuesday,0,0.05,36.4,0.14,75,51,24,68.0
2026-02-25,prov-3,BAKERY,SNACKS,Wednesday,0,0.15,37.2,0.13,64,47,17,73.4
2026-02-26,prov-2,RESTAURANT,FRESH_PRODUCE,Thursday,0,0.18,35.7,0.28,51,36,15,70.6
2026-02-27,prov-5,SUPERMARKET,DAIRY,Friday,0,0.1,33.6,0.32,96,69,27,71.9
2026-02-28,prov-4,VEG_RESTAURANT,DAIRY,Saturday,1,0.13,31.3,0.41,113,91,22,80.5
2026-03-01,prov-2,RESTAURANT,BAKERY,Sunday,1,0.18,30.8,0.8,148,113,35,76.4
2026-03-02,prov-4,VEG_RESTAURANT,SNACKS,Monday,0,0.13,35.8,0.14,51,42,9,82.4
2026-03-03,prov-2,RESTAURANT,BAKERY,Tuesday,0,0.2,37.3,0.25,154,107,47,69.5
2026-03-04,prov-1,HOTEL_BANQUET,DAIRY,Wednesday,0,0.18,37.5,0.07,173,126,47,72.8
2026-03-05,prov-1,HOTEL_BANQUET,MEALS,Thursday,0,0.19,30.5,0.23,110,80,30,72.7
2026-03-06,prov-1,HOTEL_BANQUET,SNACKS,Friday,0,0.12,35.8,0.73,157,108,49,68.8
2026-03-07,prov-4,VEG_RESTAURANT,DAIRY,Saturday,1,0.15,29.4,0.12,81,64,17,79.0
2026-03-08,prov-4,VEG_RESTAURANT,DAIRY,Sunday,1,0.1,34.6,0.21,137,107,30,78.1
2026-03-09,prov-3,BAKERY,SNACKS,Monday,0,0.19,31.9,0.24,120,85,35,70.8
2026-03-10,prov-5,SUPERMARKET,DAIRY,Tuesday,0,0.17,29.0,0.09,131,100,31,76.3
2026-03-11,prov-5,SUPERMARKET,MEALS,Wednesday,0,0.12,36.4,0.0,58,39,19,67.2
2026-03-12,prov-5,SUPERMARKET,BAKERY,Thursday,0,0.11,32.7,0.13,126,89,37,70.6
2026-03-13,prov-1,HOTEL_BANQUET,BAKERY,Friday,0,0.13,34.9,0.77,112,78,34,69.6
2026-03-14,prov-4,VEG_RESTAURANT,SNACKS,Saturday,1,0.1,30.3,0.44,54,44,10,81.5
2026-03-15,prov-5,SUPERMARKET,BAKERY,Sunday,1,0.07,32.7,0.9,148,120,28,81.1
2026-03-16,prov-5,SUPERMARKET,SNACKS,Monday,0,0.13,28.5,0.2,64,42,22,65.6
2026-03-17,prov-3,BAKERY,MEALS,Tuesday,0,0.16,37.7,0.0,68,44,24,64.7
2026-03-18,prov-5,SUPERMARKET,DAIRY,Wednesday,0,0.18,33.5,0.29,71,59,12,83.1
2026-03-19,prov-3,BAKERY,DAIRY,Thursday,0,0.08,37.5,0.06,70,60,10,85.7
2026-03-20,prov-3,BAKERY,BAKERY,Friday,0,0.1,37.6,0.9,107,84,23,78.5
2026-03-21,prov-4,VEG_RESTAURANT,BAKERY,Saturday,1,0.06,36.5,0.69,65,56,9,86.2
2026-03-22,prov-5,SUPERMARKET,DAIRY,Sunday,1,0.11,29.6,0.52,54,39,15,72.2
2026-03-23,prov-5,SUPERMARKET,BAKERY,Monday,0,0.18,36.4,0.02,115,89,26,77.4
2026-03-24,prov-1,HOTEL_BANQUET,FRESH_PRODUCE,Tuesday,0,0.15,33.7,0.16,219,151,68,68.9
2026-03-25,prov-1,HOTEL_BANQUET,MEALS,Wednesday,0,0.14,33.8,0.13,86,69,17,80.2
2026-03-26,prov-1,HOTEL_BANQUET,DAIRY,Thursday,0,0.17,30.6,0.17,205,149,56,72.7
2026-03-27,prov-2,RESTAURANT,FRESH_PRODUCE,Friday,0,0.06,35.2,0.14,150,124,26,82.7
2026-03-28,prov-1,HOTEL_BANQUET,SNACKS,Saturday,1,0.09,36.2,0.95,100,75,25,75.0
2026-03-29,prov-1,HOTEL_BANQUET,DAIRY,Sunday,1,0.17,37.4,0.88,192,155,37,80.7
2026-03-30,prov-2,RESTAURANT,BAKERY,Monday,0,0.19,34.8,0.36,137,112,25,81.8
2026-03-31,prov-2,RESTAURANT,FRESH_PRODUCE,Tuesday,0,0.19,34.5,0.22,66,43,23,65.2
2026-04-01,prov-4,VEG_RESTAURANT,BAKERY,Wednesday,0,0.1,29.0,0.33,93,76,17,81.7
2026-04-02,prov-2,RESTAURANT,MEALS,Thursday,0,0.13,34.1,0.01,118,77,41,65.3
2026-04-03,prov-1,HOTEL_BANQUET,MEALS,Friday,0,0.09,34.5,0.27,227,174,53,76.7
2026-04-04,prov-3,BAKERY,SNACKS,Saturday,1,0.16,34.1,0.82,54,41,13,75.9
2026-04-05,prov-4,VEG_RESTAURANT,DAIRY,Sunday,1,0.19,37.5,0.78,85,58,27,68.2
2026-04-06,prov-2,RESTAURANT,BAKERY,Monday,0,0.14,30.3,0.16,112,86,26,76.8
2026-04-07,prov-5,SUPERMARKET,BAKERY,Tuesday,0,0.14,37.0,0.01,84,69,15,82.1
2026-04-08,prov-1,HOTEL_BANQUET,MEALS,Wednesday,0,0.11,37.4,0.36,170,129,41,75.9
2026-04-09,prov-2,RESTAURANT,BAKERY,Thursday,0,0.11,37.9,0.18,134,104,30,77.6
2026-04-10,prov-1,HOTEL_BANQUET,MEALS,Friday,0,0.05,28.8,0.13,171,135,36,78.9
2026-04-11,prov-2,RESTAURANT,SNACKS,Saturday,1,0.06,30.8,0.76,103,93,10,90.3
2026-04-12,prov-2,RESTAURANT,MEALS,Sunday,1,0.1,28.6,0.52,50,41,9,82.0
2026-04-13,prov-1,HOTEL_BANQUET,BAKERY,Monday,0,0.14,36.4,0.32,163,131,32,80.4
2026-04-14,prov-5,SUPERMARKET,MEALS,Tuesday,0,0.14,31.6,0.02,86,70,16,81.4
2026-04-15,prov-5,SUPERMARKET,DAIRY,Wednesday,0,0.08,32.3,0.16,94,65,29,69.1
2026-04-16,prov-1,HOTEL_BANQUET,FRESH_PRODUCE,Thursday,0,0.16,34.6,0.03,173,124,49,71.7
2026-04-17,prov-3,BAKERY,SNACKS,Friday,0,0.1,28.5,0.26,54,36,18,66.7
2026-04-18,prov-5,SUPERMARKET,MEALS,Saturday,1,0.06,37.4,0.42,152,115,37,75.7
2026-04-19,prov-4,VEG_RESTAURANT,BAKERY,Sunday,1,0.18,37.0,0.87,69,48,21,69.6
2026-04-20,prov-3,BAKERY,MEALS,Monday,0,0.09,29.0,0.04,65,49,16,75.4
2026-04-21,prov-5,SUPERMARKET,MEALS,Tuesday,0,0.16,29.1,0.06,71,49,22,69.0
2026-04-22,prov-4,VEG_RESTAURANT,DAIRY,Wednesday,0,0.19,35.0,0.18,126,98,28,77.8
2026-04-23,prov-1,HOTEL_BANQUET,DAIRY,Thursday,0,0.12,32.4,0.21,233,155,78,66.5
2026-04-24,prov-4,VEG_RESTAURANT,FRESH_PRODUCE,Friday,0,0.09,32.1,0.54,154,125,29,81.2
2026-04-25,prov-2,RESTAURANT,FRESH_PRODUCE,Saturday,1,0.16,30.3,0.45,58,41,17,70.7
2026-04-26,prov-4,VEG_RESTAURANT,MEALS,Sunday,1,0.14,34.5,0.47,146,120,26,82.2
2026-04-27,prov-5,SUPERMARKET,BAKERY,Monday,0,0.13,35.0,0.02,51,39,12,76.5
2026-04-28,prov-5,SUPERMARKET,BAKERY,Tuesday,0,0.07,29.4,0.11,91,63,28,69.2
2026-04-29,prov-5,SUPERMARKET,FRESH_PRODUCE,Wednesday,0,0.07,28.5,0.12,109,89,20,81.7
2026-04-30,prov-3,BAKERY,BAKERY,Thursday,0,0.08,34.8,0.02,89,74,15,83.1
2026-05-01,prov-5,SUPERMARKET,DAIRY,Friday,0,0.15,33.3,0.13,62,40,22,64.5
2026-05-02,prov-3,BAKERY,MEALS,Saturday,1,0.06,37.7,0.86,115,101,14,87.8
2026-05-03,prov-1,HOTEL_BANQUET,SNACKS,Sunday,1,0.17,30.2,0.66,210,179,31,85.2
2026-05-04,prov-4,VEG_RESTAURANT,FRESH_PRODUCE,Monday,0,0.09,28.5,0.16,137,109,28,79.6
2026-05-05,prov-3,BAKERY,DAIRY,Tuesday,0,0.11,33.2,0.2,97,72,25,74.2
2026-05-06,prov-3,BAKERY,DAIRY,Wednesday,0,0.1,35.8,0.14,44,29,15,65.9
2026-05-07,prov-3,BAKERY,FRESH_PRODUCE,Thursday,0,0.09,32.0,0.16,83,64,19,77.1
2026-05-08,prov-3,BAKERY,FRESH_PRODUCE,Friday,0,0.08,35.2,0.83,119,100,19,84.0
2026-05-09,prov-4,VEG_RESTAURANT,MEALS,Saturday,1,0.11,28.4,0.17,87,66,21,75.9
2026-05-10,prov-1,HOTEL_BANQUET,BAKERY,Sunday,1,0.09,31.1,0.61,245,193,52,78.8
2026-05-11,prov-2,RESTAURANT,BAKERY,Monday,0,0.06,30.9,0.3,86,61,25,70.9
2026-05-12,prov-4,VEG_RESTAURANT,DAIRY,Tuesday,0,0.09,35.9,0.28,142,112,30,78.9
2026-05-13,prov-5,SUPERMARKET,BAKERY,Wednesday,0,0.11,31.6,0.19,153,103,50,67.3
2026-05-14,prov-3,BAKERY,BAKERY,Thursday,0,0.17,33.4,0.07,84,69,15,82.1
2026-05-15,prov-3,BAKERY,MEALS,Friday,0,0.16,33.2,0.75,50,34,16,68.0
2026-05-16,prov-3,BAKERY,DAIRY,Saturday,1,0.07,30.4,0.62,58,44,14,75.9
2026-05-17,prov-1,HOTEL_BANQUET,FRESH_PRODUCE,Sunday,1,0.06,30.5,0.15,235,212,23,90.2
2026-05-18,prov-4,VEG_RESTAURANT,SNACKS,Monday,0,0.12,29.4,0.38,103,84,19,81.6
2026-05-19,prov-1,HOTEL_BANQUET,DAIRY,Tuesday,0,0.06,35.3,0.21,168,139,29,82.7
2026-05-20,prov-5,SUPERMARKET,MEALS,Wednesday,0,0.19,28.6,0.02,120,78,42,65.0
2026-05-21,prov-3,BAKERY,FRESH_PRODUCE,Thursday,0,0.14,29.7,0.27,114,84,30,73.7
2026-05-22,prov-2,RESTAURANT,DAIRY,Friday,0,0.06,37.4,0.81,104,85,19,81.7
2026-05-23,prov-4,VEG_RESTAURANT,MEALS,Saturday,1,0.13,30.6,0.52,123,86,37,69.9
2026-05-24,prov-2,RESTAURANT,MEALS,Sunday,1,0.06,33.5,0.54,83,69,14,83.1
2026-05-25,prov-3,BAKERY,MEALS,Monday,0,0.14,34.0,0.23,47,36,11,76.6
2026-05-26,prov-1,HOTEL_BANQUET,BAKERY,Tuesday,0,0.08,31.6,0.26,205,137,68,66.8
2026-05-27,prov-2,RESTAURANT,DAIRY,Wednesday,0,0.11,33.1,0.32,141,101,40,71.6
2026-05-28,prov-4,VEG_RESTAURANT,BAKERY,Thursday,0,0.12,29.5,0.09,121,90,31,74.4
2026-05-29,prov-5,SUPERMARKET,FRESH_PRODUCE,Friday,0,0.11,35.8,0.59,117,98,19,83.8
2026-05-30,prov-3,BAKERY,BAKERY,Saturday,1,0.09,37.2,0.45,82,64,18,78.0
2026-05-31,prov-1,HOTEL_BANQUET,BAKERY,Sunday,1,0.07,31.7,0.24,242,207,35,85.5
2026-06-01,prov-2,RESTAURANT,SNACKS,Monday,0,0.15,37.5,0.25,101,75,26,74.3
2026-06-02,prov-2,RESTAURANT,MEALS,Tuesday,0,0.14,32.2,0.03,124,90,34,72.6
2026-06-03,prov-4,VEG_RESTAURANT,MEALS,Wednesday,0,0.1,32.5,0.1,89,68,21,76.4
2026-06-04,prov-4,VEG_RESTAURANT,BAKERY,Thursday,0,0.1,33.4,0.13,155,121,34,78.1
2026-06-05,prov-1,HOTEL_BANQUET,DAIRY,Friday,0,0.05,32.0,0.25,119,91,28,76.5
2026-06-06,prov-2,RESTAURANT,FRESH_PRODUCE,Saturday,1,0.12,31.9,0.75,91,79,12,86.8
2026-06-07,prov-3,BAKERY,MEALS,Sunday,1,0.14,30.0,0.94,74,54,20,73.0
2026-06-08,prov-3,BAKERY,DAIRY,Monday,0,0.14,32.0,0.13,106,70,36,66.0
2026-06-09,prov-3,BAKERY,FRESH_PRODUCE,Tuesday,0,0.14,34.6,0.33,106,77,29,72.6
2026-06-10,prov-2,RESTAURANT,BAKERY,Wednesday,0,0.11,33.3,0.03,96,71,25,74.0
2026-06-11,prov-1,HOTEL_BANQUET,MEALS,Thursday,0,0.06,36.7,0.07,108,86,22,79.6
2026-06-12,prov-3,BAKERY,FRESH_PRODUCE,Friday,0,0.06,35.6,0.51,106,71,35,67.0
2026-06-13,prov-2,RESTAURANT,BAKERY,Saturday,1,0.13,28.7,0.62,126,93,33,73.8
2026-06-14,prov-4,VEG_RESTAURANT,BAKERY,Sunday,1,0.18,35.3,0.67,93,78,15,83.9
2026-06-15,prov-3,BAKERY,FRESH_PRODUCE,Monday,0,0.16,32.0,0.04,57,40,17,70.2
2026-06-16,prov-4,VEG_RESTAURANT,DAIRY,Tuesday,0,0.19,29.7,0.11,55,41,14,74.5
2026-06-17,prov-4,VEG_RESTAURANT,MEALS,Wednesday,0,0.14,36.3,0.15,157,113,44,72.0
2026-06-18,prov-4,VEG_RESTAURANT,DAIRY,Thursday,0,0.14,35.8,0.16,71,55,16,77.5
2026-06-19,prov-5,SUPERMARKET,MEALS,Friday,0,0.05,30.4,0.93,109,90,19,82.6
2026-06-20,prov-1,HOTEL_BANQUET,DAIRY,Saturday,1,0.06,36.5,0.51,208,148,60,71.2
2026-06-21,prov-2,RESTAURANT,SNACKS,Sunday,1,0.18,37.4,0.93,52,42,10,80.8
2026-06-22,prov-2,RESTAURANT,DAIRY,Monday,0,0.15,31.9,0.26,132,91,41,68.9
2026-06-23,prov-1,HOTEL_BANQUET,DAIRY,Tuesday,0,0.12,32.9,0.07,239,165,74,69.0
2026-06-24,prov-4,VEG_RESTAURANT,BAKERY,Wednesday,0,0.18,32.4,0.28,52,35,17,67.3
2026-06-25,prov-3,BAKERY,BAKERY,Thursday,0,0.12,32.0,0.33,74,59,15,79.7
2026-06-26,prov-3,BAKERY,SNACKS,Friday,0,0.07,34.2,0.35,50,40,10,80.0
2026-06-27,prov-4,VEG_RESTAURANT,MEALS,Saturday,1,0.15,29.3,0.21,67,51,16,76.1
2026-06-28,prov-4,VEG_RESTAURANT,BAKERY,Sunday,1,0.12,31.4,0.49,153,122,31,79.7
2026-06-29,prov-5,SUPERMARKET,FRESH_PRODUCE,Monday,0,0.09,37.9,0.3,136,116,20,85.3
2026-01-01,prov-3,BAKERY,MEALS,Thursday,0,0.18,35.8,0.37,56,37,19,66.1
2026-01-02,prov-4,VEG_RESTAURANT,DAIRY,Friday,0,0.12,36.4,0.37,79,61,18,77.2
2026-01-03,prov-5,SUPERMARKET,SNACKS,Saturday,1,0.19,36.8,0.63,66,50,16,75.8
2026-01-04,prov-4,VEG_RESTAURANT,DAIRY,Sunday,1,0.1,35.9,0.67,71,50,21,70.4
2026-01-05,prov-5,SUPERMARKET,MEALS,Monday,0,0.17,33.0,0.33,97,71,26,73.2
2026-01-06,prov-1,HOTEL_BANQUET,MEALS,Tuesday,0,0.08,32.4,0.09,248,174,74,70.2
2026-01-07,prov-5,SUPERMARKET,SNACKS,Wednesday,0,0.13,33.6,0.39,107,81,26,75.7
2026-01-08,prov-1,HOTEL_BANQUET,FRESH_PRODUCE,Thursday,0,0.14,35.6,0.34,181,147,34,81.2
2026-01-09,prov-1,HOTEL_BANQUET,DAIRY,Friday,0,0.14,29.8,0.66,177,117,60,66.1
2026-01-10,prov-5,SUPERMARKET,SNACKS,Saturday,1,0.08,29.0,0.34,90,67,23,74.4
2026-01-11,prov-5,SUPERMARKET,SNACKS,Sunday,1,0.12,32.7,0.23,144,105,39,72.9
2026-01-12,prov-3,BAKERY,DAIRY,Monday,0,0.15,32.5,0.36,75,53,22,70.7
2026-01-13,prov-5,SUPERMARKET,MEALS,Tuesday,0,0.15,34.1,0.14,75,53,22,70.7
2026-01-14,prov-5,SUPERMARKET,MEALS,Wednesday,0,0.13,30.4,0.14,131,108,23,82.4
2026-01-15,prov-2,RESTAURANT,SNACKS,Thursday,0,0.17,31.1,0.15,103,77,26,74.8
2026-01-16,prov-1,HOTEL_BANQUET,FRESH_PRODUCE,Friday,0,0.11,30.9,0.61,146,99,47,67.8
2026-01-17,prov-2,RESTAURANT,FRESH_PRODUCE,Saturday,1,0.11,31.8,0.2,74,57,17,77.0
2026-01-18,prov-1,HOTEL_BANQUET,FRESH_PRODUCE,Sunday,1,0.19,30.9,0.36,177,153,24,86.4
2026-01-19,prov-2,RESTAURANT,FRESH_PRODUCE,Monday,0,0.16,33.7,0.34,57,46,11,80.7
2026-01-20,prov-3,BAKERY,MEALS,Tuesday,0,0.06,32.9,0.16,48,33,15,68.8
2026-01-21,prov-4,VEG_RESTAURANT,DAIRY,Wednesday,0,0.12,32.7,0.17,150,104,46,69.3
2026-01-22,prov-1,HOTEL_BANQUET,MEALS,Thursday,0,0.15,31.7,0.32,92,61,31,66.3
2026-01-23,prov-1,HOTEL_BANQUET,SNACKS,Friday,0,0.13,34.3,0.4,222,149,73,67.1
2026-01-24,prov-1,HOTEL_BANQUET,MEALS,Saturday,1,0.12,29.3,0.41,168,148,20,88.1
2026-01-25,prov-2,RESTAURANT,DAIRY,Sunday,1,0.19,30.6,0.29,65,53,12,81.5
2026-01-26,prov-2,RESTAURANT,DAIRY,Monday,0,0.17,32.4,0.13,56,39,17,69.6
2026-01-27,prov-2,RESTAURANT,BAKERY,Tuesday,0,0.16,35.5,0.01,118,88,30,74.6
2026-01-28,prov-5,SUPERMARKET,MEALS,Wednesday,0,0.18,34.5,0.35,122,80,42,65.6
2026-01-29,prov-5,SUPERMARKET,DAIRY,Thursday,0,0.14,30.4,0.03,97,67,30,69.1
2026-01-30,prov-4,VEG_RESTAURANT,FRESH_PRODUCE,Friday,0,0.12,29.4,0.3,158,126,32,79.7
2026-01-31,prov-4,VEG_RESTAURANT,BAKERY,Saturday,1,0.11,33.8,0.46,141,108,33,76.6
2026-02-01,prov-4,VEG_RESTAURANT,FRESH_PRODUCE,Sunday,1,0.06,35.6,0.12,106,79,27,74.5
2026-02-02,prov-1,HOTEL_BANQUET,DAIRY,Monday,0,0.18,37.4,0.16,216,158,58,73.1
2026-02-03,prov-3,BAKERY,MEALS,Tuesday,0,0.1,35.8,0.34,65,50,15,76.9
2026-02-04,prov-5,SUPERMARKET,SNACKS,Wednesday,0,0.17,37.5,0.23,153,112,41,73.2
2026-02-05,prov-3,BAKERY,BAKERY,Thursday,0,0.16,35.6,0.06,105,78,27,74.3
2026-02-06,prov-4,VEG_RESTAURANT,MEALS,Friday,0,0.1,28.0,0.23,151,115,36,76.2
2026-02-07,prov-3,BAKERY,DAIRY,Saturday,1,0.17,30.9,0.39,118,93,25,78.8
2026-02-08,prov-4,VEG_RESTAURANT,SNACKS,Sunday,1,0.19,31.5,0.42,154,115,39,74.7
2026-02-09,prov-1,HOTEL_BANQUET,BAKERY,Monday,0,0.09,28.7,0.4,80,55,25,68.8
2026-02-10,prov-4,VEG_RESTAURANT,DAIRY,Tuesday,0,0.17,37.3,0.23,51,33,18,64.7
2026-02-11,prov-2,RESTAURANT,DAIRY,Wednesday,0,0.15,36.3,0.13,53,38,15,71.7
2026-02-12,prov-5,SUPERMARKET,FRESH_PRODUCE,Thursday,0,0.16,29.8,0.38,149,115,34,77.2
2026-02-13,prov-3,BAKERY,MEALS,Friday,0,0.15,28.8,0.41,73,60,13,82.2
2026-02-14,prov-1,HOTEL_BANQUET,FRESH_PRODUCE,Saturday,1,0.14,31.6,0.63,188,138,50,73.4
2026-02-15,prov-2,RESTAURANT,BAKERY,Sunday,1,0.2,28.5,0.43,59,47,12,79.7
2026-02-16,prov-2,RESTAURANT,SNACKS,Monday,0,0.16,28.3,0.18,101,74,27,73.3
2026-02-17,prov-3,BAKERY,DAIRY,Tuesday,0,0.15,31.9,0.03,93,61,32,65.6
2026-02-18,prov-3,BAKERY,DAIRY,Wednesday,0,0.14,32.9,0.38,105,73,32,69.5
2026-02-19,prov-3,BAKERY,MEALS,Thursday,0,0.09,30.5,0.31,64,43,21,67.2
2026-02-20,prov-5,SUPERMARKET,SNACKS,Friday,0,0.08,33.0,0.61,121,93,28,76.9
2026-02-21,prov-5,SUPERMARKET,SNACKS,Saturday,1,0.07,29.7,0.16,120,93,27,77.5
2026-02-22,prov-4,VEG_RESTAURANT,SNACKS,Sunday,1,0.19,29.7,0.61,108,80,28,74.1
2026-02-23,prov-2,RESTAURANT,DAIRY,Monday,0,0.15,34.6,0.35,115,86,29,74.8
2026-02-24,prov-5,SUPERMARKET,SNACKS,Tuesday,0,0.13,32.5,0.24,125,97,28,77.6
2026-02-25,prov-4,VEG_RESTAURANT,BAKERY,Wednesday,0,0.09,35.6,0.19,109,76,33,69.7
2026-02-26,prov-4,VEG_RESTAURANT,DAIRY,Thursday,0,0.12,29.8,0.07,97,78,19,80.4
2026-02-27,prov-3,BAKERY,SNACKS,Friday,0,0.1,31.4,0.45,46,34,12,73.9
2026-02-28,prov-4,VEG_RESTAURANT,FRESH_PRODUCE,Saturday,1,0.15,32.2,0.94,159,113,46,71.1
2026-03-01,prov-4,VEG_RESTAURANT,DAIRY,Sunday,1,0.06,30.8,0.89,159,115,44,72.3
2026-03-02,prov-1,HOTEL_BANQUET,DAIRY,Monday,0,0.09,28.2,0.26,185,134,51,72.4
2026-03-03,prov-1,HOTEL_BANQUET,SNACKS,Tuesday,0,0.06,35.2,0.27,126,89,37,70.6
2026-03-04,prov-3,BAKERY,SNACKS,Wednesday,0,0.16,34.1,0.37,60,49,11,81.7
2026-03-05,prov-1,HOTEL_BANQUET,MEALS,Thursday,0,0.07,28.4,0.36,130,111,19,85.4
2026-03-06,prov-3,BAKERY,FRESH_PRODUCE,Friday,0,0.12,30.4,0.18,120,101,19,84.2
2026-03-07,prov-2,RESTAURANT,DAIRY,Saturday,1,0.1,29.1,0.19,92,70,22,76.1
2026-03-08,prov-2,RESTAURANT,MEALS,Sunday,1,0.1,32.2,0.65,74,54,20,73.0
2026-03-09,prov-4,VEG_RESTAURANT,SNACKS,Monday,0,0.16,32.1,0.36,84,55,29,65.5
2026-03-10,prov-3,BAKERY,DAIRY,Tuesday,0,0.14,29.7,0.14,52,43,9,82.7
2026-03-11,prov-5,SUPERMARKET,BAKERY,Wednesday,0,0.12,34.8,0.38,118,86,32,72.9
2026-03-12,prov-2,RESTAURANT,FRESH_PRODUCE,Thursday,0,0.17,32.5,0.14,98,75,23,76.5
2026-03-13,prov-1,HOTEL_BANQUET,DAIRY,Friday,0,0.08,36.1,0.86,152,111,41,73.0
2026-03-14,prov-1,HOTEL_BANQUET,FRESH_PRODUCE,Saturday,1,0.15,36.4,0.84,169,123,46,72.8
2026-03-15,prov-4,VEG_RESTAURANT,DAIRY,Sunday,1,0.09,28.4,0.9,69,59,10,85.5
2026-03-16,prov-4,VEG_RESTAURANT,FRESH_PRODUCE,Monday,0,0.15,30.0,0.36,144,101,43,70.1
2026-03-17,prov-5,SUPERMARKET,FRESH_PRODUCE,Tuesday,0,0.07,34.7,0.17,67,52,15,77.6
2026-03-18,prov-2,RESTAURANT,SNACKS,Wednesday,0,0.16,34.4,0.39,58,43,15,74.1
2026-03-19,prov-4,VEG_RESTAURANT,DAIRY,Thursday,0,0.08,30.0,0.39,153,115,38,75.2
2026-03-20,prov-5,SUPERMARKET,DAIRY,Friday,0,0.05,28.5,0.86,119,80,39,67.2
2026-03-21,prov-4,VEG_RESTAURANT,FRESH_PRODUCE,Saturday,1,0.11,33.8,0.58,87,74,13,85.1
2026-03-22,prov-4,VEG_RESTAURANT,MEALS,Sunday,1,0.08,35.5,0.16,151,117,34,77.5
2026-03-23,prov-4,VEG_RESTAURANT,MEALS,Monday,0,0.08,29.3,0.3,138,115,23,83.3
2026-03-24,prov-5,SUPERMARKET,FRESH_PRODUCE,Tuesday,0,0.16,33.9,0.25,128,87,41,68.0
2026-03-25,prov-3,BAKERY,DAIRY,Wednesday,0,0.06,37.3,0.21,105,84,21,80.0
2026-03-26,prov-5,SUPERMARKET,FRESH_PRODUCE,Thursday,0,0.11,31.4,0.11,155,111,44,71.6
2026-03-27,prov-3,BAKERY,FRESH_PRODUCE,Friday,0,0.13,37.0,0.63,89,59,30,66.3
2026-03-28,prov-3,BAKERY,DAIRY,Saturday,1,0.13,33.2,0.61,63,55,8,87.3
2026-03-29,prov-5,SUPERMARKET,BAKERY,Sunday,1,0.07,34.2,0.64,121,96,25,79.3
2026-03-30,prov-1,HOTEL_BANQUET,SNACKS,Monday,0,0.1,35.9,0.02,99,66,33,66.7
2026-03-31,prov-1,HOTEL_BANQUET,SNACKS,Tuesday,0,0.06,28.7,0.32,149,115,34,77.2
2026-04-01,prov-4,VEG_RESTAURANT,FRESH_PRODUCE,Wednesday,0,0.14,28.6,0.03,132,109,23,82.6
2026-04-02,prov-2,RESTAURANT,MEALS,Thursday,0,0.07,36.6,0.03,128,86,42,67.2
2026-04-03,prov-2,RESTAURANT,FRESH_PRODUCE,Friday,0,0.16,34.4,0.52,56,38,18,67.9
2026-04-04,prov-5,SUPERMARKET,MEALS,Saturday,1,0.06,37.3,0.45,122,86,36,70.5
2026-04-05,prov-2,RESTAURANT,BAKERY,Sunday,1,0.19,35.0,0.66,131,105,26,80.2
2026-04-06,prov-4,VEG_RESTAURANT,MEALS,Monday,0,0.16,36.3,0.09,143,104,39,72.7
2026-04-07,prov-4,VEG_RESTAURANT,SNACKS,Tuesday,0,0.11,34.6,0.29,56,39,17,69.6
2026-04-08,prov-2,RESTAURANT,FRESH_PRODUCE,Wednesday,0,0.18,29.6,0.31,93,69,24,74.2
2026-04-09,prov-5,SUPERMARKET,FRESH_PRODUCE,Thursday,0,0.06,34.2,0.2,126,107,19,84.9
2026-04-10,prov-2,RESTAURANT,MEALS,Friday,0,0.17,29.4,0.51,53,36,17,67.9
2026-04-11,prov-4,VEG_RESTAURANT,FRESH_PRODUCE,Saturday,1,0.17,30.3,0.89,147,114,33,77.6
2026-04-12,prov-4,VEG_RESTAURANT,SNACKS,Sunday,1,0.12,37.5,0.21,100,81,19,81.0
2026-04-13,prov-5,SUPERMARKET,SNACKS,Monday,0,0.17,29.5,0.16,105,68,37,64.8
2026-04-14,prov-4,VEG_RESTAURANT,BAKERY,Tuesday,0,0.09,32.7,0.1,92,77,15,83.7
2026-04-15,prov-1,HOTEL_BANQUET,SNACKS,Wednesday,0,0.17,30.6,0.15,218,164,54,75.2
2026-04-16,prov-1,HOTEL_BANQUET,FRESH_PRODUCE,Thursday,0,0.16,38.0,0.13,156,126,30,80.8
2026-04-17,prov-4,VEG_RESTAURANT,DAIRY,Friday,0,0.09,30.4,0.86,98,79,19,80.6
2026-04-18,prov-1,HOTEL_BANQUET,BAKERY,Saturday,1,0.15,30.0,0.81,247,184,63,74.5
2026-04-19,prov-5,SUPERMARKET,FRESH_PRODUCE,Sunday,1,0.13,31.0,0.15,116,86,30,74.1
2026-04-20,prov-2,RESTAURANT,BAKERY,Monday,0,0.07,30.7,0.3,74,56,18,75.7
2026-04-21,prov-2,RESTAURANT,BAKERY,Tuesday,0,0.18,36.8,0.31,156,128,28,82.1
2026-04-22,prov-2,RESTAURANT,BAKERY,Wednesday,0,0.15,35.8,0.07,77,59,18,76.6
2026-04-23,prov-2,RESTAURANT,BAKERY,Thursday,0,0.12,28.9,0.14,128,105,23,82.0
2026-04-24,prov-3,BAKERY,DAIRY,Friday,0,0.2,30.7,0.66,107,80,27,74.8
2026-04-25,prov-1,HOTEL_BANQUET,MEALS,Saturday,1,0.11,35.3,0.66,234,201,33,85.9
2026-04-26,prov-1,HOTEL_BANQUET,FRESH_PRODUCE,Sunday,1,0.16,35.4,0.54,227,195,32,85.9
2026-04-27,prov-2,RESTAURANT,DAIRY,Monday,0,0.17,37.3,0.17,125,98,27,78.4
2026-04-28,prov-3,BAKERY,BAKERY,Tuesday,0,0.16,30.6,0.21,62,49,13,79.0
2026-04-29,prov-2,RESTAURANT,SNACKS,Wednesday,0,0.08,32.3,0.37,83,62,21,74.7
2026-04-30,prov-1,HOTEL_BANQUET,DAIRY,Thursday,0,0.1,36.5,0.25,236,160,76,67.8
2026-05-01,prov-4,VEG_RESTAURANT,SNACKS,Friday,0,0.08,36.1,0.66,101,76,25,75.2
2026-05-02,prov-3,BAKERY,DAIRY,Saturday,1,0.11,36.3,0.62,103,72,31,69.9
2026-05-03,prov-4,VEG_RESTAURANT,BAKERY,Sunday,1,0.11,33.0,0.32,135,105,30,77.8
2026-05-04,prov-4,VEG_RESTAURANT,BAKERY,Monday,0,0.1,31.6,0.05,71,49,22,69.0
2026-05-05,prov-3,BAKERY,MEALS,Tuesday,0,0.1,36.3,0.19,59,41,18,69.5
2026-05-06,prov-1,HOTEL_BANQUET,FRESH_PRODUCE,Wednesday,0,0.09,28.3,0.25,194,131,63,67.5
2026-05-07,prov-1,HOTEL_BANQUET,FRESH_PRODUCE,Thursday,0,0.12,29.2,0.39,236,196,40,83.1
2026-05-08,prov-3,BAKERY,DAIRY,Friday,0,0.08,31.5,0.6,107,73,34,68.2
2026-05-09,prov-5,SUPERMARKET,FRESH_PRODUCE,Saturday,1,0.14,28.7,0.39,143,99,44,69.2
2026-05-10,prov-4,VEG_RESTAURANT,DAIRY,Sunday,1,0.07,31.5,0.46,143,109,34,76.2
2026-05-11,prov-1,HOTEL_BANQUET,MEALS,Monday,0,0.1,33.5,0.31,218,147,71,67.4
2026-05-12,prov-4,VEG_RESTAURANT,MEALS,Tuesday,0,0.16,32.5,0.18,87,60,27,69.0
2026-05-13,prov-2,RESTAURANT,MEALS,Wednesday,0,0.07,33.6,0.39,107,90,17,84.1
2026-05-14,prov-1,HOTEL_BANQUET,SNACKS,Thursday,0,0.14,32.4,0.04,152,114,38,75.0
2026-05-15,prov-3,BAKERY,SNACKS,Friday,0,0.15,34.6,0.88,107,83,24,77.6
2026-05-16,prov-4,VEG_RESTAURANT,FRESH_PRODUCE,Saturday,1,0.05,29.6,0.6,138,102,36,73.9
2026-05-17,prov-1,HOTEL_BANQUET,DAIRY,Sunday,1,0.07,37.8,0.46,148,122,26,82.4
2026-05-18,prov-5,SUPERMARKET,BAKERY,Monday,0,0.2,32.3,0.08,53,42,11,79.2
2026-05-19,prov-2,RESTAURANT,FRESH_PRODUCE,Tuesday,0,0.16,36.8,0.19,54,39,15,72.2
2026-05-20,prov-2,RESTAURANT,BAKERY,Wednesday,0,0.14,32.9,0.15,91,66,25,72.5
2026-05-21,prov-4,VEG_RESTAURANT,MEALS,Thursday,0,0.14,31.1,0.13,109,87,22,79.8
2026-05-22,prov-5,SUPERMARKET,FRESH_PRODUCE,Friday,0,0.05,35.2,0.1,151,118,33,78.1
2026-05-23,prov-5,SUPERMARKET,MEALS,Saturday,1,0.18,37.9,0.25,58,45,13,77.6
2026-05-24,prov-2,RESTAURANT,DAIRY,Sunday,1,0.14,36.2,0.16,78,68,10,87.2
2026-05-25,prov-2,RESTAURANT,DAIRY,Monday,0,0.17,30.9,0.25,113,83,30,73.5
2026-05-26,prov-2,RESTAURANT,BAKERY,Tuesday,0,0.18,34.1,0.29,123,82,41,66.7
2026-05-27,prov-4,VEG_RESTAURANT,BAKERY,Wednesday,0,0.05,36.9,0.14,91,74,17,81.3
2026-05-28,prov-3,BAKERY,SNACKS,Thursday,0,0.18,33.0,0.24,119,93,26,78.2
2026-05-29,prov-5,SUPERMARKET,SNACKS,Friday,0,0.17,34.0,0.9,95,65,30,68.4
2026-05-30,prov-4,VEG_RESTAURANT,SNACKS,Saturday,1,0.12,35.3,0.14,104,92,12,88.5
2026-05-31,prov-5,SUPERMARKET,DAIRY,Sunday,1,0.11,33.4,0.25,152,113,39,74.3
2026-06-01,prov-5,SUPERMARKET,FRESH_PRODUCE,Monday,0,0.06,30.6,0.36,122,101,21,82.8
2026-06-02,prov-2,RESTAURANT,MEALS,Tuesday,0,0.19,32.4,0.27,51,39,12,76.5
2026-06-03,prov-5,SUPERMARKET,DAIRY,Wednesday,0,0.18,30.8,0.29,56,39,17,69.6
2026-06-04,prov-4,VEG_RESTAURANT,MEALS,Thursday,0,0.19,28.2,0.1,160,128,32,80.0
2026-06-05,prov-5,SUPERMARKET,MEALS,Friday,0,0.09,34.1,0.93,156,108,48,69.2
2026-06-06,prov-2,RESTAURANT,BAKERY,Saturday,1,0.17,33.7,0.28,116,85,31,73.3
2026-06-07,prov-4,VEG_RESTAURANT,MEALS,Sunday,1,0.11,34.1,0.63,108,77,31,71.3
2026-06-08,prov-2,RESTAURANT,DAIRY,Monday,0,0.19,32.5,0.37,92,62,30,67.4
2026-06-09,prov-3,BAKERY,SNACKS,Tuesday,0,0.09,30.7,0.31,77,60,17,77.9
2026-06-10,prov-4,VEG_RESTAURANT,SNACKS,Wednesday,0,0.05,31.4,0.25,65,56,9,86.2
2026-06-11,prov-3,BAKERY,MEALS,Thursday,0,0.07,37.4,0.32,108,73,35,67.6
2026-06-12,prov-4,VEG_RESTAURANT,MEALS,Friday,0,0.05,28.5,0.32,102,82,20,80.4
2026-06-13,prov-5,SUPERMARKET,FRESH_PRODUCE,Saturday,1,0.07,31.5,0.61,74,57,17,77.0
2026-06-14,prov-2,RESTAURANT,MEALS,Sunday,1,0.11,28.4,0.93,54,46,8,85.2
2026-06-15,prov-4,VEG_RESTAURANT,SNACKS,Monday,0,0.19,37.2,0.24,128,105,23,82.0
2026-06-16,prov-2,RESTAURANT,MEALS,Tuesday,0,0.14,29.3,0.07,107,75,32,70.1
2026-06-17,prov-1,HOTEL_BANQUET,FRESH_PRODUCE,Wednesday,0,0.06,31.1,0.07,222,170,52,76.6
2026-06-18,prov-2,RESTAURANT,DAIRY,Thursday,0,0.2,32.4,0.33,83,66,17,79.5
2026-06-19,prov-2,RESTAURANT,DAIRY,Friday,0,0.06,35.1,0.12,146,107,39,73.3
2026-06-20,prov-5,SUPERMARKET,MEALS,Saturday,1,0.11,29.9,0.76,88,63,25,71.6
2026-06-21,prov-4,VEG_RESTAURANT,BAKERY,Sunday,1,0.08,35.9,0.9,80,62,18,77.5
2026-06-22,prov-1,HOTEL_BANQUET,BAKERY,Monday,0,0.13,34.5,0.19,193,130,63,67.4
2026-06-23,prov-5,SUPERMARKET,FRESH_PRODUCE,Tuesday,0,0.18,34.7,0.15,138,109,29,79.0
2026-06-24,prov-2,RESTAURANT,FRESH_PRODUCE,Wednesday,0,0.11,36.7,0.01,82,58,24,70.7
2026-06-25,prov-3,BAKERY,MEALS,Thursday,0,0.13,37.8,0.18,93,76,17,81.7
2026-06-26,prov-2,RESTAURANT,DAIRY,Friday,0,0.13,31.7,0.14,122,100,22,82.0
2026-06-27,prov-4,VEG_RESTAURANT,FRESH_PRODUCE,Saturday,1,0.14,28.6,0.2,149,110,39,73.8
2026-06-28,prov-4,VEG_RESTAURANT,FRESH_PRODUCE,Sunday,1,0.05,33.6,0.45,103,85,18,82.5
2026-06-29,prov-3,BAKERY,MEALS,Monday,0,0.08,31.1,0.1,51,38,13,74.5
2026-01-01,prov-3,BAKERY,MEALS,Thursday,0,0.16,31.0,0.1,57,40,17,70.2
2026-01-02,prov-1,HOTEL_BANQUET,MEALS,Friday,0,0.08,32.6,0.77,151,122,29,80.8
2026-01-03,prov-4,VEG_RESTAURANT,MEALS,Saturday,1,0.15,35.3,0.89,85,61,24,71.8
2026-01-04,prov-1,HOTEL_BANQUET,FRESH_PRODUCE,Sunday,1,0.07,34.8,0.86,174,126,48,72.4
2026-01-05,prov-3,BAKERY,MEALS,Monday,0,0.06,37.8,0.1,90,78,12,86.7
2026-01-06,prov-3,BAKERY,FRESH_PRODUCE,Tuesday,0,0.16,29.7,0.08,66,51,15,77.3
2026-01-07,prov-4,VEG_RESTAURANT,MEALS,Wednesday,0,0.05,33.2,0.25,96,78,18,81.2
2026-01-08,prov-3,BAKERY,DAIRY,Thursday,0,0.2,29.0,0.33,61,50,11,82.0
2026-01-09,prov-4,VEG_RESTAURANT,SNACKS,Friday,0,0.06,32.1,0.15,77,61,16,79.2
2026-01-10,prov-4,VEG_RESTAURANT,MEALS,Saturday,1,0.18,31.9,0.38,69,51,18,73.9
2026-01-11,prov-5,SUPERMARKET,DAIRY,Sunday,1,0.1,34.3,0.93,128,99,29,77.3
2026-01-12,prov-3,BAKERY,MEALS,Monday,0,0.15,30.5,0.16,88,70,18,79.5
2026-01-13,prov-2,RESTAURANT,SNACKS,Tuesday,0,0.07,36.0,0.14,50,42,8,84.0
2026-01-14,prov-1,HOTEL_BANQUET,FRESH_PRODUCE,Wednesday,0,0.13,28.9,0.34,87,66,21,75.9
2026-01-15,prov-5,SUPERMARKET,SNACKS,Thursday,0,0.14,29.9,0.35,114,96,18,84.2
2026-01-16,prov-4,VEG_RESTAURANT,SNACKS,Friday,0,0.18,34.5,0.83,134,111,23,82.8
2026-01-17,prov-5,SUPERMARKET,FRESH_PRODUCE,Saturday,1,0.09,37.9,0.55,55,46,9,83.6
2026-01-18,prov-5,SUPERMARKET,FRESH_PRODUCE,Sunday,1,0.06,28.5,0.57,50,36,14,72.0
2026-01-19,prov-3,BAKERY,SNACKS,Monday,0,0.1,30.2,0.34,40,29,11,72.5
2026-01-20,prov-3,BAKERY,SNACKS,Tuesday,0,0.08,37.9,0.38,50,38,12,76.0
2026-01-21,prov-5,SUPERMARKET,DAIRY,Wednesday,0,0.14,31.2,0.36,92,76,16,82.6
2026-01-22,prov-1,HOTEL_BANQUET,DAIRY,Thursday,0,0.14,37.9,0.37,144,98,46,68.1
2026-01-23,prov-2,RESTAURANT,SNACKS,Friday,0,0.2,30.3,0.7,152,102,50,67.1
2026-01-24,prov-5,SUPERMARKET,SNACKS,Saturday,1,0.07,32.6,0.74,55,49,6,89.1
2026-01-25,prov-1,HOTEL_BANQUET,SNACKS,Sunday,1,0.1,34.8,0.51,119,101,18,84.9
2026-01-26,prov-4,VEG_RESTAURANT,BAKERY,Monday,0,0.14,32.5,0.08,107,88,19,82.2
2026-01-27,prov-4,VEG_RESTAURANT,SNACKS,Tuesday,0,0.07,31.3,0.32,123,94,29,76.4
2026-01-28,prov-5,SUPERMARKET,DAIRY,Wednesday,0,0.09,35.6,0.14,53,36,17,67.9
2026-01-29,prov-5,SUPERMARKET,MEALS,Thursday,0,0.07,34.6,0.16,66,49,17,74.2
2026-01-30,prov-3,BAKERY,DAIRY,Friday,0,0.08,32.8,0.66,115,77,38,67.0
2026-01-31,prov-5,SUPERMARKET,FRESH_PRODUCE,Saturday,1,0.17,31.6,0.23,88,63,25,71.6
2026-02-01,prov-5,SUPERMARKET,SNACKS,Sunday,1,0.08,32.1,0.31,54,39,15,72.2
2026-02-02,prov-3,BAKERY,SNACKS,Monday,0,0.08,34.0,0.24,42,28,14,66.7
2026-02-03,prov-1,HOTEL_BANQUET,BAKERY,Tuesday,0,0.09,30.7,0.19,126,107,19,84.9
2026-02-04,prov-3,BAKERY,SNACKS,Wednesday,0,0.11,35.7,0.18,76,59,17,77.6
2026-02-05,prov-3,BAKERY,BAKERY,Thursday,0,0.19,34.0,0.21,91,70,21,76.9
2026-02-06,prov-5,SUPERMARKET,BAKERY,Friday,0,0.11,34.6,0.77,70,52,18,74.3
2026-02-07,prov-2,RESTAURANT,MEALS,Saturday,1,0.11,35.0,0.42,140,118,22,84.3
2026-02-08,prov-1,HOTEL_BANQUET,SNACKS,Sunday,1,0.07,32.8,0.17,219,156,63,71.2
2026-02-09,prov-4,VEG_RESTAURANT,MEALS,Monday,0,0.08,37.2,0.06,55,42,13,76.4
2026-02-10,prov-5,SUPERMARKET,BAKERY,Tuesday,0,0.11,35.2,0.39,94,71,23,75.5
2026-02-11,prov-1,HOTEL_BANQUET,DAIRY,Wednesday,0,0.15,36.9,0.13,141,104,37,73.8
2026-02-12,prov-3,BAKERY,BAKERY,Thursday,0,0.16,29.1,0.38,44,34,10,77.3
2026-02-13,prov-3,BAKERY,BAKERY,Friday,0,0.1,28.5,0.34,50,40,10,80.0
2026-02-14,prov-3,BAKERY,BAKERY,Saturday,1,0.15,35.2,0.34,76,54,22,71.1
2026-02-15,prov-3,BAKERY,DAIRY,Sunday,1,0.14,29.1,0.76,48,35,13,72.9
2026-02-16,prov-3,BAKERY,FRESH_PRODUCE,Monday,0,0.15,30.3,0.03,96,74,22,77.1
2026-02-17,prov-3,BAKERY,MEALS,Tuesday,0,0.2,31.4,0.39,44,29,15,65.9
2026-02-18,prov-1,HOTEL_BANQUET,MEALS,Wednesday,0,0.18,31.5,0.19,212,145,67,68.4
2026-02-19,prov-4,VEG_RESTAURANT,BAKERY,Thursday,0,0.1,30.5,0.07,99,70,29,70.7
2026-02-20,prov-1,HOTEL_BANQUET,FRESH_PRODUCE,Friday,0,0.07,28.6,0.12,204,163,41,79.9
2026-02-21,prov-1,HOTEL_BANQUET,FRESH_PRODUCE,Saturday,1,0.19,28.6,0.59,103,88,15,85.4
2026-02-22,prov-3,BAKERY,BAKERY,Sunday,1,0.1,34.8,0.49,64,50,14,78.1
2026-02-23,prov-4,VEG_RESTAURANT,MEALS,Monday,0,0.13,32.4,0.07,91,60,31,65.9
2026-02-24,prov-1,HOTEL_BANQUET,BAKERY,Tuesday,0,0.05,37.3,0.02,193,161,32,83.4
2026-02-25,prov-1,HOTEL_BANQUET,FRESH_PRODUCE,Wednesday,0,0.08,33.6,0.34,145,108,37,74.5
2026-02-26,prov-4,VEG_RESTAURANT,FRESH_PRODUCE,Thursday,0,0.16,35.6,0.12,126,82,44,65.1
2026-02-27,prov-3,BAKERY,BAKERY,Friday,0,0.08,32.1,0.62,106,86,20,81.1
2026-02-28,prov-1,HOTEL_BANQUET,SNACKS,Saturday,1,0.07,31.8,0.21,229,179,50,78.2
2026-03-01,prov-3,BAKERY,FRESH_PRODUCE,Sunday,1,0.2,36.8,0.11,118,90,28,76.3
2026-03-02,prov-1,HOTEL_BANQUET,MEALS,Monday,0,0.16,29.3,0.08,143,105,38,73.4
2026-03-03,prov-5,SUPERMARKET,SNACKS,Tuesday,0,0.07,36.5,0.27,65,50,15,76.9
2026-03-04,prov-1,HOTEL_BANQUET,DAIRY,Wednesday,0,0.09,36.3,0.02,91,68,23,74.7
2026-03-05,prov-4,VEG_RESTAURANT,DAIRY,Thursday,0,0.06,37.4,0.2,106,74,32,69.8
2026-03-06,prov-4,VEG_RESTAURANT,DAIRY,Friday,0,0.07,28.9,0.54,83,70,13,84.3
2026-03-07,prov-5,SUPERMARKET,MEALS,Saturday,1,0.13,28.7,0.58,107,74,33,69.2
2026-03-08,prov-1,HOTEL_BANQUET,DAIRY,Sunday,1,0.14,33.1,0.18,122,90,32,73.8
2026-03-09,prov-1,HOTEL_BANQUET,BAKERY,Monday,0,0.08,31.4,0.11,81,60,21,74.1
2026-03-10,prov-1,HOTEL_BANQUET,BAKERY,Tuesday,0,0.16,31.4,0.29,234,188,46,80.3
2026-03-11,prov-2,RESTAURANT,DAIRY,Wednesday,0,0.09,30.7,0.23,130,90,40,69.2
2026-03-12,prov-4,VEG_RESTAURANT,BAKERY,Thursday,0,0.05,34.9,0.18,107,72,35,67.3
2026-03-13,prov-2,RESTAURANT,MEALS,Friday,0,0.1,33.9,0.3,52,41,11,78.8
2026-03-14,prov-3,BAKERY,FRESH_PRODUCE,Saturday,1,0.08,34.4,0.12,70,62,8,88.6
2026-03-15,prov-2,RESTAURANT,DAIRY,Sunday,1,0.07,37.9,0.29,118,84,34,71.2
2026-03-16,prov-3,BAKERY,BAKERY,Monday,0,0.15,34.1,0.04,92,69,23,75.0
2026-03-17,prov-3,BAKERY,BAKERY,Tuesday,0,0.19,36.0,0.22,84,56,28,66.7
2026-03-18,prov-2,RESTAURANT,MEALS,Wednesday,0,0.19,37.2,0.23,87,67,20,77.0
2026-03-19,prov-3,BAKERY,SNACKS,Thursday,0,0.12,30.2,0.21,108,74,34,68.5
2026-03-20,prov-1,HOTEL_BANQUET,SNACKS,Friday,0,0.19,30.3,0.84,203,154,49,75.9
2026-03-21,prov-5,SUPERMARKET,SNACKS,Saturday,1,0.12,36.8,0.71,54,40,14,74.1
2026-03-22,prov-3,BAKERY,MEALS,Sunday,1,0.13,30.5,0.4,102,79,23,77.5
2026-03-23,prov-4,VEG_RESTAURANT,DAIRY,Monday,0,0.19,32.0,0.06,156,121,35,77.6
2026-03-24,prov-2,RESTAURANT,DAIRY,Tuesday,0,0.19,35.2,0.22,102,79,23,77.5
2026-03-25,prov-3,BAKERY,SNACKS,Wednesday,0,0.09,30.4,0.24,112,96,16,85.7
2026-03-26,prov-4,VEG_RESTAURANT,FRESH_PRODUCE,Thursday,0,0.17,28.2,0.04,83,54,29,65.1
2026-03-27,prov-2,RESTAURANT,MEALS,Friday,0,0.17,29.4,0.75,137,103,34,75.2
2026-03-28,prov-4,VEG_RESTAURANT,DAIRY,Saturday,1,0.15,32.9,0.93,90,79,11,87.8
2026-03-29,prov-4,VEG_RESTAURANT,BAKERY,Sunday,1,0.16,32.5,0.41,151,121,30,80.1
2026-03-30,prov-2,RESTAURANT,FRESH_PRODUCE,Monday,0,0.19,31.6,0.39,126,98,28,77.8
2026-03-31,prov-3,BAKERY,FRESH_PRODUCE,Tuesday,0,0.14,36.9,0.16,102,83,19,81.4
2026-04-01,prov-4,VEG_RESTAURANT,MEALS,Wednesday,0,0.18,33.8,0.02,127,95,32,74.8
2026-04-02,prov-1,HOTEL_BANQUET,DAIRY,Thursday,0,0.12,35.5,0.01,176,134,42,76.1
2026-04-03,prov-2,RESTAURANT,DAIRY,Friday,0,0.09,31.3,0.73,117,97,20,82.9
2026-04-04,prov-2,RESTAURANT,BAKERY,Saturday,1,0.05,31.3,0.68,96,77,19,80.2
2026-04-05,prov-1,HOTEL_BANQUET,SNACKS,Sunday,1,0.15,31.8,0.86,162,139,23,85.8
2026-04-06,prov-4,VEG_RESTAURANT,FRESH_PRODUCE,Monday,0,0.14,36.7,0.18,61,47,14,77.0
2026-04-07,prov-1,HOTEL_BANQUET,MEALS,Tuesday,0,0.16,32.1,0.2,162,136,26,84.0
2026-04-08,prov-5,SUPERMARKET,FRESH_PRODUCE,Wednesday,0,0.08,33.0,0.22,90,68,22,75.6
2026-04-09,prov-3,BAKERY,DAIRY,Thursday,0,0.19,31.3,0.23,54,44,10,81.5
2026-04-10,prov-1,HOTEL_BANQUET,BAKERY,Friday,0,0.16,32.9,0.24,108,73,35,67.6
2026-04-11,prov-5,SUPERMARKET,FRESH_PRODUCE,Saturday,1,0.11,34.9,0.17,99,83,16,83.8
2026-04-12,prov-2,RESTAURANT,SNACKS,Sunday,1,0.16,32.7,0.22,111,92,19,82.9
2026-04-13,prov-5,SUPERMARKET,BAKERY,Monday,0,0.08,29.6,0.22,122,97,25,79.5
2026-04-14,prov-5,SUPERMARKET,BAKERY,Tuesday,0,0.2,34.5,0.03,76,59,17,77.6
2026-04-15,prov-2,RESTAURANT,SNACKS,Wednesday,0,0.06,32.7,0.04,123,84,39,68.3
2026-04-16,prov-5,SUPERMARKET,DAIRY,Thursday,0,0.08,31.1,0.06,155,104,51,67.1
2026-04-17,prov-1,HOTEL_BANQUET,SNACKS,Friday,0,0.17,34.1,0.84,181,134,47,74.0
2026-04-18,prov-2,RESTAURANT,SNACKS,Saturday,1,0.16,28.0,0.82,90,66,24,73.3
2026-04-19,prov-2,RESTAURANT,DAIRY,Sunday,1,0.09,30.1,0.75,89,74,15,83.1
2026-04-20,prov-3,BAKERY,BAKERY,Monday,0,0.12,37.1,0.11,110,87,23,79.1
2026-04-21,prov-4,VEG_RESTAURANT,FRESH_PRODUCE,Tuesday,0,0.06,36.8,0.11,128,86,42,67.2
2026-04-22,prov-5,SUPERMARKET,FRESH_PRODUCE,Wednesday,0,0.14,28.5,0.09,107,86,21,80.4
2026-04-23,prov-3,BAKERY,MEALS,Thursday,0,0.13,31.4,0.17,105,81,24,77.1
2026-04-24,prov-3,BAKERY,FRESH_PRODUCE,Friday,0,0.07,35.6,0.91,77,57,20,74.0
2026-04-25,prov-3,BAKERY,MEALS,Saturday,1,0.12,29.6,0.32,78,57,21,73.1
2026-04-26,prov-4,VEG_RESTAURANT,DAIRY,Sunday,1,0.15,37.0,0.55,112,93,19,83.0
2026-04-27,prov-1,HOTEL_BANQUET,BAKERY,Monday,0,0.05,28.8,0.36,202,136,66,67.3
2026-04-28,prov-5,SUPERMARKET,BAKERY,Tuesday,0,0.13,28.5,0.12,116,81,35,69.8
2026-04-29,prov-1,HOTEL_BANQUET,SNACKS,Wednesday,0,0.09,33.2,0.21,211,147,64,69.7
2026-04-30,prov-5,SUPERMARKET,DAIRY,Thursday,0,0.17,33.9,0.09,128,83,45,64.8
2026-05-01,prov-1,HOTEL_BANQUET,MEALS,Friday,0,0.16,34.5,0.58,98,69,29,70.4
2026-05-02,prov-2,RESTAURANT,BAKERY,Saturday,1,0.12,35.9,0.51,125,109,16,87.2
2026-05-03,prov-5,SUPERMARKET,SNACKS,Sunday,1,0.17,35.8,0.64,136,104,32,76.5
2026-05-04,prov-3,BAKERY,SNACKS,Monday,0,0.17,33.1,0.01,91,60,31,65.9
2026-05-05,prov-4,VEG_RESTAURANT,DAIRY,Tuesday,0,0.16,34.0,0.36,111,81,30,73.0
2026-05-06,prov-2,RESTAURANT,SNACKS,Wednesday,0,0.12,31.4,0.33,95,66,29,69.5
2026-05-07,prov-1,HOTEL_BANQUET,SNACKS,Thursday,0,0.09,33.0,0.14,220,168,52,76.4
2026-05-08,prov-1,HOTEL_BANQUET,SNACKS,Friday,0,0.12,33.4,0.12,160,113,47,70.6
2026-05-09,prov-3,BAKERY,SNACKS,Saturday,1,0.1,30.9,0.38,105,85,20,81.0
2026-05-10,prov-4,VEG_RESTAURANT,FRESH_PRODUCE,Sunday,1,0.08,37.8,0.46,144,105,39,72.9
2026-05-11,prov-1,HOTEL_BANQUET,BAKERY,Monday,0,0.14,30.6,0.23,119,81,38,68.1
2026-05-12,prov-3,BAKERY,FRESH_PRODUCE,Tuesday,0,0.1,33.7,0.09,67,50,17,74.6
2026-05-13,prov-2,RESTAURANT,FRESH_PRODUCE,Wednesday,0,0.2,30.6,0.17,65,47,18,72.3
2026-05-14,prov-4,VEG_RESTAURANT,SNACKS,Thursday,0,0.14,35.3,0.39,72,51,21,70.8
2026-05-15,prov-2,RESTAURANT,MEALS,Friday,0,0.19,37.6,0.25,144,118,26,81.9
2026-05-16,prov-2,RESTAURANT,BAKERY,Saturday,1,0.09,32.1,0.77,82,57,25,69.5
2026-05-17,prov-4,VEG_RESTAURANT,MEALS,Sunday,1,0.19,34.8,0.44,77,56,21,72.7
2026-05-18,prov-1,HOTEL_BANQUET,DAIRY,Monday,0,0.12,31.3,0.33,84,67,17,79.8
2026-05-19,prov-4,VEG_RESTAURANT,SNACKS,Tuesday,0,0.19,29.6,0.04,127,91,36,71.7
2026-05-20,prov-5,SUPERMARKET,BAKERY,Wednesday,0,0.16,31.7,0.31,135,106,29,78.5
2026-05-21,prov-3,BAKERY,DAIRY,Thursday,0,0.08,36.1,0.32,103,77,26,74.8
2026-05-22,prov-3,BAKERY,BAKERY,Friday,0,0.12,28.6,0.44,44,35,9,79.5
2026-05-23,prov-2,RESTAURANT,FRESH_PRODUCE,Saturday,1,0.16,33.2,0.83,125,94,31,75.2
2026-05-24,prov-2,RESTAURANT,BAKERY,Sunday,1,0.1,35.3,0.52,54,48,6,88.9
2026-05-25,prov-3,BAKERY,BAKERY,Monday,0,0.14,30.9,0.38,61,45,16,73.8
2026-05-26,prov-3,BAKERY,FRESH_PRODUCE,Tuesday,0,0.12,31.0,0.06,106,80,26,75.5
2026-05-27,prov-2,RESTAURANT,MEALS,Wednesday,0,0.12,36.6,0.36,64,52,12,81.2
2026-05-28,prov-5,SUPERMARKET,DAIRY,Thursday,0,0.08,33.2,0.19,89,68,21,76.4
2026-05-29,prov-2,RESTAURANT,MEALS,Friday,0,0.11,31.1,0.69,86,63,23,73.3
2026-05-30,prov-3,BAKERY,SNACKS,Saturday,1,0.14,30.3,0.32,78,56,22,71.8
2026-05-31,prov-5,SUPERMARKET,DAIRY,Sunday,1,0.14,35.5,0.52,153,134,19,87.6
2026-06-01,prov-1,HOTEL_BANQUET,BAKERY,Monday,0,0.14,32.7,0.3,92,68,24,73.9
2026-06-02,prov-1,HOTEL_BANQUET,BAKERY,Tuesday,0,0.19,35.1,0.36,82,64,18,78.0
2026-06-03,prov-4,VEG_RESTAURANT,MEALS,Wednesday,0,0.17,30.8,0.05,111,77,34,69.4
2026-06-04,prov-3,BAKERY,DAIRY,Thursday,0,0.15,36.6,0.11,73,48,25,65.8
2026-06-05,prov-5,SUPERMARKET,DAIRY,Friday,0,0.08,30.9,0.18,63,50,13,79.4
2026-06-06,prov-5,SUPERMARKET,FRESH_PRODUCE,Saturday,1,0.16,36.5,0.28,94,79,15,84.0
2026-06-07,prov-3,BAKERY,SNACKS,Sunday,1,0.12,35.2,0.88,93,73,20,78.5
2026-06-08,prov-2,RESTAURANT,FRESH_PRODUCE,Monday,0,0.15,35.3,0.31,150,107,43,71.3
2026-06-09,prov-3,BAKERY,FRESH_PRODUCE,Tuesday,0,0.13,29.2,0.19,98,78,20,79.6
2026-06-10,prov-1,HOTEL_BANQUET,FRESH_PRODUCE,Wednesday,0,0.13,35.9,0.07,137,103,34,75.2
2026-06-11,prov-1,HOTEL_BANQUET,SNACKS,Thursday,0,0.12,28.3,0.04,240,202,38,84.2
2026-06-12,prov-3,BAKERY,DAIRY,Friday,0,0.19,28.3,0.11,67,52,15,77.6
2026-06-13,prov-2,RESTAURANT,FRESH_PRODUCE,Saturday,1,0.05,28.4,0.76,126,93,33,73.8
2026-06-14,prov-4,VEG_RESTAURANT,FRESH_PRODUCE,Sunday,1,0.11,37.5,0.93,157,113,44,72.0
2026-06-15,prov-4,VEG_RESTAURANT,MEALS,Monday,0,0.06,35.9,0.07,143,101,42,70.6
2026-06-16,prov-1,HOTEL_BANQUET,DAIRY,Tuesday,0,0.14,32.7,0.06,124,87,37,70.2
2026-06-17,prov-3,BAKERY,FRESH_PRODUCE,Wednesday,0,0.18,30.7,0.24,40,27,13,67.5
2026-06-18,prov-5,SUPERMARKET,MEALS,Thursday,0,0.09,34.5,0.24,124,98,26,79.0
2026-06-19,prov-4,VEG_RESTAURANT,BAKERY,Friday,0,0.07,29.5,0.44,79,57,22,72.2
2026-06-20,prov-5,SUPERMARKET,SNACKS,Saturday,1,0.19,33.0,0.6,100,80,20,80.0
2026-06-21,prov-2,RESTAURANT,MEALS,Sunday,1,0.1,35.0,0.15,96,78,18,81.2
2026-06-22,prov-3,BAKERY,BAKERY,Monday,0,0.15,32.9,0.27,115,85,30,73.9
2026-06-23,prov-3,BAKERY,MEALS,Tuesday,0,0.12,29.3,0.31,106,79,27,74.5
2026-06-24,prov-4,VEG_RESTAURANT,BAKERY,Wednesday,0,0.06,31.6,0.36,108,83,25,76.9
2026-06-25,prov-5,SUPERMARKET,FRESH_PRODUCE,Thursday,0,0.18,33.3,0.2,144,106,38,73.6
2026-06-26,prov-2,RESTAURANT,DAIRY,Friday,0,0.11,33.4,0.32,114,86,28,75.4
2026-06-27,prov-3,BAKERY,MEALS,Saturday,1,0.16,32.7,0.74,72,53,19,73.6
2026-06-28,prov-4,VEG_RESTAURANT,BAKERY,Sunday,1,0.11,35.7,0.41,144,125,19,86.8
2026-06-29,prov-1,HOTEL_BANQUET,FRESH_PRODUCE,Monday,0,0.06,32.2,0.34,168,127,41,75.6
2026-01-01,prov-1,HOTEL_BANQUET,BAKERY,Thursday,0,0.16,28.2,0.05,116,82,34,70.7
2026-01-02,prov-2,RESTAURANT,BAKERY,Friday,0,0.13,30.5,0.13,65,50,15,76.9
2026-01-03,prov-3,BAKERY,SNACKS,Saturday,1,0.09,35.9,0.21,55,38,17,69.1
2026-01-04,prov-3,BAKERY,MEALS,Sunday,1,0.13,28.0,0.27,79,68,11,86.1
2026-01-05,prov-5,SUPERMARKET,BAKERY,Monday,0,0.1,32.2,0.16,160,131,29,81.9
2026-01-06,prov-4,VEG_RESTAURANT,BAKERY,Tuesday,0,0.13,30.2,0.14,55,41,14,74.5
2026-01-07,prov-3,BAKERY,DAIRY,Wednesday,0,0.06,28.6,0.35,113,87,26,77.0
2026-01-08,prov-4,VEG_RESTAURANT,SNACKS,Thursday,0,0.18,29.4,0.16,89,66,23,74.2
2026-01-09,prov-1,HOTEL_BANQUET,DAIRY,Friday,0,0.16,34.9,0.14,230,165,65,71.7
2026-01-10,prov-2,RESTAURANT,DAIRY,Saturday,1,0.17,34.0,0.35,76,66,10,86.8
2026-01-11,prov-2,RESTAURANT,FRESH_PRODUCE,Sunday,1,0.08,28.8,0.41,66,51,15,77.3
2026-01-12,prov-5,SUPERMARKET,FRESH_PRODUCE,Monday,0,0.07,34.0,0.39,104,79,25,76.0
2026-01-13,prov-4,VEG_RESTAURANT,DAIRY,Tuesday,0,0.15,29.0,0.02,62,50,12,80.6
2026-01-14,prov-1,HOTEL_BANQUET,FRESH_PRODUCE,Wednesday,0,0.05,30.1,0.16,142,99,43,69.7
2026-01-15,prov-1,HOTEL_BANQUET,MEALS,Thursday,0,0.17,36.5,0.31,112,88,24,78.6
2026-01-16,prov-4,VEG_RESTAURANT,MEALS,Friday,0,0.13,34.7,0.24,152,109,43,71.7
2026-01-17,prov-4,VEG_RESTAURANT,SNACKS,Saturday,1,0.11,30.9,0.81,88,70,18,79.5
2026-01-18,prov-5,SUPERMARKET,MEALS,Sunday,1,0.14,30.1,0.55,148,122,26,82.4
2026-01-19,prov-1,HOTEL_BANQUET,SNACKS,Monday,0,0.18,29.7,0.34,129,89,40,69.0
2026-01-20,prov-4,VEG_RESTAURANT,DAIRY,Tuesday,0,0.19,36.5,0.17,56,37,19,66.1
